user_id,location_id_number
9109,306
674,598
674,182
674,182
9109,306
9109,560
9109,560
9109,306
9109,309
9109,306
9109,306
9109,221
9109,221
9109,306
9109,579
9109,306
9109,8
9109,306
9109,491
9109,491
9109,306
9109,306
9109,306
9109,306
9109,327
9109,421
9109,421
9109,141
9109,141
9109,306
9109,370
9109,306
9109,12
9109,306
9109,306
9109,74
9109,306
9109,130
9109,306
9109,306
9109,141
9109,141
9109,306
9109,306
9109,128
9109,62
9109,306
674,14
9109,128
9109,306
9109,232
9109,306
9109,285
9109,128
9109,306
9109,201
9109,201
9109,161
9109,306
9109,306
9109,156
9109,156
9109,306
9109,130
9109,130
9109,130
9109,306
9109,140
9109,306
9109,144
9109,285
9109,306
9109,306
9109,591
9109,306
9109,306
9109,528
9109,517
9109,517
9109,306
9109,208
9109,306
9109,536
9109,306
9109,201
9109,491
9109,306
9109,472
9109,140
9109,306
9109,491
9109,575
9109,306
9109,306
9109,297
9109,306
9109,205
9109,306
9109,324
9109,306
9109,200
9109,200
9109,33
9109,306
9109,423
9109,306
9109,11
9109,201
9109,491
9109,306
9109,313
9109,306
9109,208
9109,306
9109,404
9109,306
9109,201
9109,130
9109,306
9109,300
9109,102
9109,306
9109,452
9109,306
9109,306
9109,500
9109,9
9109,306
9109,366
9109,306
9109,357
9109,68
9109,306
9109,140
9109,306
9109,238
9109,140
9109,306
9109,485
9109,306
9109,598
9109,306
9109,575
9109,306
9109,412
9109,500
9109,306
9109,306
9109,434
9109,306
9109,201
9109,306
9109,68
9109,306
9109,201
9109,201
9109,306
9109,201
9109,306
9109,239
9109,213
9109,306
674,598
674,598
674,428
9109,374
9109,306
9109,10
9109,201
9109,201
9109,306
9109,408
9109,306
9109,239
9109,201
9109,306
9109,132
9109,306
9109,432
9109,432
9109,432
9109,432
9109,306
9109,515
9109,306
9109,403
9109,471
9109,564
9109,558
9109,448
9109,275
9109,275
9109,448
9109,557
9109,288
9109,448
9109,36
9109,36
9109,448
9109,559
9109,448
9109,559
9109,448
9109,305
9109,119
9109,196
9109,95
9109,312
9109,190
9109,154
9109,312
9109,196
9109,191
9109,196
9109,398
9109,558
9109,561
9109,303
9109,329
9109,306
9109,415
9109,306
9109,306
9109,306
9109,123
9109,306
9109,364
9109,306
9109,422
9109,372
9109,201
9109,306
9109,500
9109,306
9109,562
9109,306
9109,217
9109,306
9109,545
9109,545
9109,464
9109,306
9109,43
9109,306
9109,46
9109,46
9109,306
9109,306
9109,295
9109,295
9109,51
9109,226
9109,306
9109,306
9109,306
9109,55
9109,55
9109,493
9109,3
9109,306
9109,131
9109,131
9109,306
9109,387
9109,306
9109,568
9109,306
9109,6
9109,306
9109,246
9109,246
9109,334
9109,187
9109,306
9109,332
9109,306
9109,306
9109,306
9109,7
9109,306
9109,7
9109,306
9109,201
9109,201
9109,306
9109,94
9109,94
9109,306
9109,216
9109,306
9109,105
9109,105
9109,306
9109,53
9109,209
9109,236
9109,306
9109,488
9109,488
9109,306
9109,306
9109,488
9109,306
9109,162
9109,162
9109,162
9109,306
9109,533
9109,94
9109,306
9109,166
9109,166
9109,185
9109,396
9109,306
9109,306
9109,201
9109,306
9109,103
9109,49
9109,306
9109,563
9109,361
9109,306
9109,565
9109,567
9109,31
9109,251
9109,306
9109,386
9109,354
9109,306
9109,184
9109,361
9109,306
9109,167
9109,167
9109,167
9109,167
9109,167
9109,211
9109,306
9109,134
9109,306
9109,219
9109,219
9109,306
9109,509
9109,127
9109,127
9109,306
9109,115
9109,115
9109,306
9109,361
9109,306
9109,585
9109,151
9109,306
9109,39
9109,146
9109,306
9109,115
9109,162
9109,306
9109,361
9109,306
9109,477
9109,31
9109,477
9109,477
9109,429
9109,306
9109,51
9109,306
9109,436
9109,436
9109,306
9109,306
9109,188
9109,378
9109,306
9109,115
9109,115
9109,306
9109,309
9109,309
9109,361
9109,306
9109,230
9109,360
9109,402
9109,306
9109,306
9109,284
9109,306
9109,361
9109,361
9109,353
9109,353
9109,306
9109,201
9109,361
9109,306
9109,309
9109,361
9109,306
9109,161
9109,306
9109,224
9109,306
9109,321
9109,306
9109,309
9109,361
9109,306
9109,4
9109,231
9109,306
9109,84
9109,84
9109,306
9109,306
9109,411
9109,411
9109,306
9109,115
9109,587
9109,306
9109,309
9109,361
9109,306
9109,429
9109,477
9109,150
9109,429
9109,306
9109,361
9109,306
9109,201
9109,201
9109,309
9109,361
9109,418
9109,381
9109,306
9109,74
9109,306
9109,406
9109,51
9109,306
9109,535
9109,520
9109,225
9109,306
9109,115
9109,306
9109,370
9109,306
9109,376
9109,376
9109,376
9109,541
9109,605
9109,605
9109,605
9109,605
9109,605
9109,180
9109,306
9109,311
9109,368
9109,319
9109,306
9109,376
9109,375
9109,376
9109,160
9109,376
9109,527
9109,554
9109,529
9109,529
9109,554
9109,554
9109,554
9109,554
9109,602
9109,306
9109,376
9109,594
9109,594
9109,78
9109,78
9109,78
9109,306
9109,376
9109,594
9109,594
9109,376
9109,161
9109,430
9109,430
9109,538
9109,375
9109,376
9109,376
9109,358
9109,171
9109,588
9109,376
9109,527
9109,306
9109,450
9109,376
9109,192
9109,192
9109,320
9109,75
9109,474
9109,498
9109,506
9109,21
9109,399
9109,392
9109,336
9109,497
9109,392
9109,392
9109,392
9109,142
9109,142
9109,497
9109,392
9109,530
9109,497
9109,401
9109,425
9109,552
9109,97
9109,73
9109,356
9109,281
9109,104
9109,590
9109,341
9109,376
9109,376
9109,376
9109,89
9109,89
9109,201
9109,306
9109,376
9109,406
9109,306
9109,460
9109,251
9109,376
9109,586
9109,586
9109,427
9109,427
9109,606
9109,606
9109,306
9109,574
9109,137
9109,42
9109,416
9109,373
9109,570
9109,570
9109,523
9109,523
9109,435
9109,99
9109,99
9109,523
9109,523
9109,523
9109,523
9109,523
9109,523
9109,523
9109,459
9109,252
9109,252
9109,183
9109,183
9109,183
9109,523
9109,523
674,182
674,543
9109,523
674,182
674,182
9109,466
9109,98
674,53
9109,40
9109,413
9109,413
9109,514
9109,70
674,182
9109,306
9109,267
9109,575
9109,575
674,498
9109,306
674,545
674,545
9109,376
9109,527
674,182
674,543
9109,338
674,182
9109,351
674,32
9109,351
9109,135
9109,182
9109,182
9109,227
674,184
674,300
674,345
674,486
9109,351
674,13
674,254
674,450
9109,376
674,350
674,283
674,469
674,586
9109,527
9109,306
9109,375
9109,375
9109,376
674,182
674,543
9109,370
9109,370
9109,306
9109,311
9109,243
9109,243
674,182
9109,512
9109,306
674,82
9109,306
674,372
674,632
9109,306
9109,445
674,182
9109,527
674,543
674,182
9109,539
9109,306
674,364
9109,588
9109,306
674,182
9109,254
9109,603
9109,306
674,182
9109,376
674,252
674,252
674,182
9109,251
9109,251
674,283
9109,306
9109,202
674,350
674,448
674,416
674,498
674,436
9109,376
9109,488
9109,488
674,283
9109,115
674,283
674,129
674,41
9109,306
9109,417
9109,417
9109,417
674,265
9109,424
9109,424
9109,588
9109,166
9109,396
674,182
674,543
674,182
9109,527
674,469
674,545
9109,548
9109,306
674,443
9109,507
9109,525
9109,525
9109,385
9109,345
674,182
9109,443
674,543
9109,351
9109,351
674,182
674,97
674,317
674,141
9109,351
674,443
674,545
674,182
674,453
9109,351
674,182
674,545
674,182
674,365
674,365
674,252
674,182
674,82
674,215
9109,351
674,146
9109,268
674,497
9109,439
674,23
674,217
674,40
674,297
9109,24
9109,307
9109,376
674,323
674,283
674,549
9109,527
674,545
9109,316
9109,306
674,443
674,126
9109,527
9109,376
674,443
674,545
674,443
9109,28
674,145
9109,163
9109,306
674,472
9109,536
674,375
9109,306
9109,306
9109,376
9109,201
9109,306
674,472
674,313
674,263
674,472
674,409
674,472
9109,306
9109,599
674,472
674,365
674,252
9109,451
9109,306
674,472
674,603
9109,359
9109,359
9109,306
674,533
674,552
9109,169
674,297
674,400
9109,306
9109,306
674,586
674,487
674,222
674,472
9109,527
674,436
674,574
9109,376
674,472
9109,296
9109,426
9109,457
9109,306
9109,256
9109,163
674,472
9109,575
9109,575
674,582
9109,376
9109,282
9109,411
9109,250
9109,32
9109,32
674,362
674,620
9109,376
674,361
9109,376
674,578
674,494
674,400
674,280
674,445
674,350
674,466
674,503
674,58
674,469
674,574
674,283
674,545
674,472
9109,23
9109,70
674,145
674,472
9109,306
674,283
674,37
674,374
674,431
674,170
674,170
674,545
9109,306
674,472
674,141
674,374
9109,387
674,97
674,374
9109,306
9109,577
674,350
674,574
674,283
674,598
674,545
674,472
674,518
674,81
674,372
9109,599
9109,306
674,283
9109,354
9109,306
674,284
674,467
674,388
674,70
674,81
674,209
674,34
674,56
674,320
9109,486
9109,201
674,336
9109,575
674,307
674,307
674,27
674,224
9109,445
674,526
674,540
9109,306
9109,445
674,292
674,433
674,307
674,358
9109,445
674,347
674,209
9109,166
9109,4
9109,376
674,137
674,220
674,137
674,35
674,568
674,469
674,482
674,192
9109,33
9109,33
9109,306
9109,371
9109,371
9109,515
9109,414
9109,4
9109,306
674,436
674,283
674,295
674,283
674,350
9109,306
674,106
674,93
674,124
674,344
674,116
674,466
674,372
674,586
674,289
674,95
674,423
9109,306
674,595
674,328
674,622
674,622
674,472
9109,277
9109,458
9109,458
674,124
9109,25
9109,25
674,80
674,289
674,532
674,585
674,446
9109,306
674,74
674,564
674,390
674,579
674,372
674,462
674,17
674,534
674,176
674,559
674,116
674,283
674,472
9109,256
674,338
674,579
674,472
9109,306
674,154
9109,369
674,122
9109,306
674,603
9109,306
674,472
9109,33
9109,460
674,544
674,579
9109,460
674,472
9109,429
9109,376
674,204
9109,180
674,472
9109,306
674,472
674,418
674,252
674,472
674,57
674,374
674,283
674,472
674,545
674,472
674,237
674,472
9109,201
9109,306
674,283
674,283
674,545
674,472
9109,57
9109,375
9109,306
9109,535
9109,306
9109,488
674,481
9109,339
9109,208
674,350
9109,306
674,275
674,469
674,590
674,472
674,545
674,472
674,579
674,472
9109,65
9109,503
674,122
674,122
674,193
674,297
9109,306
674,283
674,469
9109,106
9109,201
674,170
674,579
674,308
674,472
9109,306
674,226
674,400
9109,107
9109,393
674,472
9109,306
9109,130
9109,130
9109,306
9109,582
9109,306
674,472
9109,603
674,362
674,603
674,545
9109,237
674,348
674,603
674,472
9109,306
9109,66
9109,181
9109,306
9109,306
9109,306
9109,306
9109,306
9109,521
9109,521
9109,521
9109,306
674,269
674,158
674,350
674,350
674,283
674,260
674,22
674,463
9109,109
9109,306
674,472
9109,33
674,639
674,552
9109,376
9109,376
674,472
9109,540
674,304
9109,376
674,579
674,472
9109,370
9109,266
9109,344
9109,92
9109,306
674,306
674,116
674,305
9109,508
674,308
674,472
9109,376
674,603
9109,201
674,388
674,532
9109,201
9109,376
674,469
674,35
674,388
674,289
674,372
674,533
674,283
674,574
9109,173
674,350
674,466
674,283
9109,306
9109,80
674,472
9109,306
9109,516
9109,516
9109,370
674,355
674,306
674,579
674,472
674,409
674,472
674,361
9109,52
674,603
674,365
674,252
674,472
674,564
674,349
674,277
9109,306
9109,527
9109,306
674,472
9109,201
9109,306
674,410
674,472
9109,366
9109,306
674,472
674,283
674,574
674,275
674,22
674,352
674,212
9109,453
674,160
9109,306
674,232
9109,525
674,606
674,603
9109,90
674,350
9109,306
674,283
674,603
674,472
9109,237
9109,370
9109,527
9109,527
9109,306
674,583
674,603
674,329
674,283
674,295
674,283
9109,306
674,472
674,469
9109,515
9109,306
674,472
674,400
674,160
674,538
674,472
9109,201
9109,306
674,469
674,603
674,472
674,362
674,580
674,235
9109,178
9109,178
674,350
674,466
9109,306
9109,536
9109,536
674,387
674,240
674,564
674,31
674,163
9109,535
674,201
674,174
674,201
9109,306
674,134
674,591
674,472
9109,391
9109,306
674,295
674,283
674,472
9109,573
9109,573
674,579
674,472
9109,501
674,365
674,472
9109,480
9109,27
9109,27
9109,158
9109,306
9109,306
9109,201
674,472
9109,527
674,603
674,610
9109,306
674,603
674,552
674,346
674,472
9109,394
9109,306
674,138
674,297
674,469
674,118
674,272
674,229
674,128
674,243
674,385
674,172
674,349
674,277
674,442
674,350
674,283
674,586
674,414
674,283
674,603
674,472
674,603
9109,197
674,249
9109,306
9109,237
674,603
9109,306
674,413
674,472
9109,379
9109,370
9109,306
674,603
9109,201
9109,201
9109,201
9109,201
674,543
674,472
9109,166
9109,396
9109,396
674,437
9109,306
674,283
674,555
674,637
674,637
9109,527
674,637
9109,93
9109,306
674,178
674,215
9109,32
9109,32
9109,32
9109,306
9109,306
674,555
674,637
9109,113
9109,467
674,147
674,119
9109,306
674,466
674,134
674,200
674,627
674,429
674,343
674,429
674,337
674,417
674,278
9109,488
674,542
674,484
674,566
674,394
9109,370
674,267
9109,527
674,267
674,168
674,477
674,49
674,62
674,460
674,638
674,512
9109,527
674,508
674,227
674,175
674,91
674,133
9109,536
9109,306
674,91
674,356
674,151
9109,415
674,360
674,599
674,566
9109,306
674,633
674,98
674,99
9109,297
9109,201
674,164
674,318
674,144
674,553
674,536
9109,306
674,337
674,474
674,588
9109,415
9109,415
674,376
674,83
9109,306
674,588
674,219
9109,251
674,291
9109,306
9109,306
674,474
674,627
674,81
674,350
9109,318
674,477
674,384
674,466
9109,332
674,384
674,483
674,30
674,30
9109,306
674,324
674,283
674,603
674,316
674,130
674,24
674,111
674,430
674,12
674,36
674,466
674,603
674,252
674,472
674,405
9109,306
674,439
674,472
9109,265
9109,265
9109,201
9109,306
9109,161
674,204
9109,323
9109,201
674,472
9109,394
674,583
674,469
674,482
674,186
674,545
9109,306
674,472
674,122
674,545
9109,322
674,532
9109,306
674,283
674,469
9109,292
674,283
9109,536
9109,273
674,578
9109,204
674,79
9109,306
674,503
674,372
674,466
9109,306
674,367
674,472
674,545
674,472
9109,29
674,169
9109,306
674,603
9109,306
674,472
9109,29
9109,306
9109,201
674,472
9109,306
9109,375
674,202
674,545
9109,29
674,472
674,51
9109,306
674,472
674,298
674,472
674,390
9109,306
674,603
674,603
9109,375
674,472
9109,376
674,610
9109,511
674,350
9109,376
674,414
674,102
674,400
674,283
9109,92
9109,92
9109,376
674,252
674,472
9109,376
9109,91
9109,376
9109,29
9109,306
9109,306
674,472
674,545
674,472
674,487
674,603
674,365
674,472
674,603
674,603
674,543
9109,29
9109,201
9109,306
674,472
9109,572
9109,306
674,545
674,472
9109,388
9109,388
674,108
9109,306
9109,306
674,396
9109,77
674,350
674,113
9109,306
674,33
674,372
9109,348
9109,348
9109,306
9109,462
674,23
674,297
9109,306
674,101
674,439
674,603
674,365
674,472
9109,384
9109,306
9109,370
674,287
674,472
9109,306
674,469
674,170
674,472
674,537
674,472
674,38
674,327
674,472
674,543
674,472
674,204
9109,488
9109,29
9109,306
674,283
9109,63
9109,376
674,472
674,543
674,472
9109,376
674,602
674,601
674,543
674,308
674,472
674,66
674,365
674,472
9109,149
9109,273
9109,273
9109,273
674,256
674,108
9109,306
674,350
674,283
9109,115
9109,201
9109,306
674,532
674,384
674,584
674,592
674,389
674,42
674,149
674,321
674,67
674,603
9109,370
674,543
674,471
674,472
674,603
674,226
9109,118
674,469
674,543
674,472
9109,115
9109,306
674,603
674,472
9109,370
9109,29
9109,306
9109,306
674,576
674,472
674,603
674,543
674,472
674,409
674,472
674,493
674,543
674,472
9109,33
9109,33
674,422
9109,33
674,60
674,354
9109,306
674,283
674,511
674,297
9109,569
9109,569
674,509
674,78
9109,306
9109,415
9109,442
674,283
674,554
674,18
674,115
9109,306
674,121
9109,129
674,77
674,195
9109,306
674,603
674,472
674,409
9109,29
674,472
674,548
674,333
674,603
674,472
9109,306
674,472
674,400
674,469
674,283
9109,393
9109,524
674,472
674,545
674,472
674,209
9109,569
9109,306
674,347
674,587
9109,161
674,587
9109,229
674,528
9109,72
9109,376
674,587
674,357
674,587
674,612
674,347
9109,525
674,67
674,203
9109,306
674,616
9109,201
9109,306
674,101
674,532
674,472
674,589
674,472
674,414
674,310
674,390
674,472
674,315
674,472
9109,531
9109,569
674,436
674,283
9109,306
674,538
674,26
674,472
674,483
674,218
674,218
9109,542
9109,306
674,472
674,377
674,472
9109,201
9109,201
9109,306
674,137
674,281
674,468
674,281
674,228
674,392
674,641
674,604
674,85
674,157
674,635
674,157
674,171
674,167
674,607
674,530
674,142
674,309
674,96
674,632
9109,572
674,598
9109,306
674,350
674,584
674,363
674,603
674,472
9109,235
9109,377
9109,29
9109,306
674,472
674,298
9109,29
9109,569
674,472
674,38
674,472
674,522
674,472
674,603
674,370
674,15
674,603
674,252
674,472
9109,29
9109,29
9109,306
674,543
674,472
9109,575
9109,147
9109,388
9109,170
674,188
674,68
674,624
9109,29
674,350
674,283
9109,29
674,400
9109,306
674,458
9109,537
9109,306
674,603
674,365
674,472
9109,29
9109,306
674,230
674,482
674,603
674,204
674,472
674,545
674,472
674,185
674,35
674,114
674,414
674,545
674,310
9109,22
674,441
674,472
9109,306
9109,306
9109,29
674,400
674,603
9109,475
674,140
9109,505
9109,306
9109,541
9109,405
674,469
674,533
674,82
9109,306
674,350
674,466
674,76
9109,306
9109,22
674,603
9109,543
674,543
674,603
9109,306
9109,199
674,76
674,569
674,621
674,252
9109,157
9109,201
674,46
674,170
9109,201
674,46
9109,494
9109,306
674,405
674,61
674,46
674,170
9109,233
9109,299
674,361
674,372
9109,306
9109,492
674,603
9109,603
9109,306
674,447
674,372
9109,259
9109,265
674,603
674,43
9109,306
674,87
674,350
9109,249
674,466
674,451
9109,306
674,488
674,397
9109,370
674,603
674,390
9109,38
674,260
674,170
674,390
674,6
9109,206
9109,306
674,390
9109,543
674,69
9109,306
9109,370
9109,306
674,170
674,390
9109,29
9109,370
9109,29
674,252
674,298
9109,306
674,69
674,170
674,564
674,532
674,350
674,274
9109,29
674,497
674,373
9109,306
674,117
674,594
674,400
674,207
674,541
674,616
9109,267
674,438
674,490
674,72
674,457
674,69
9109,339
9109,370
674,365
674,400
9109,33
674,586
9109,592
9109,306
9109,259
9109,259
674,603
674,59
9109,306
674,603
9109,369
674,390
9109,306
9109,606
674,390
9109,251
674,276
674,402
9109,306
674,250
674,221
674,388
674,169
9109,54
674,350
674,373
9109,485
9109,306
9109,543
674,359
9109,306
9109,29
9109,494
674,390
674,532
9109,396
9109,306
674,170
674,204
9109,29
674,390
9109,251
674,359
674,390
9109,306
9109,349
9109,306
9109,393
674,350
9109,370
9109,569
9109,306
674,204
674,108
9109,544
9109,328
9109,373
674,135
9109,176
9109,294
9109,245
674,390
9109,553
674,438
674,400
9109,553
674,368
9109,248
9109,248
674,251
674,20
674,125
674,529
9109,81
9109,553
674,629
674,546
9109,35
9109,330
674,122
674,482
9109,419
9109,306
674,400
9109,393
9109,22
674,603
9109,306
674,390
9109,107
674,616
9109,161
674,621
674,101
674,469
9109,306
674,373
674,372
674,469
674,340
674,240
674,564
674,502
674,107
674,400
674,92
674,621
674,54
674,191
9109,29
674,268
674,432
674,311
674,603
674,82
674,552
674,603
9109,420
9109,33
674,373
674,372
9109,306
9109,1
9109,1
674,7
674,487
674,364
674,11
674,273
674,640
9109,213
674,625
9109,306
674,350
674,466
9109,427
9109,427
674,414
674,7
674,590
674,261
9109,231
674,170
674,390
674,361
674,252
674,261
674,473
674,390
9109,555
9109,306
674,532
674,270
674,286
674,248
674,186
674,306
674,561
674,596
674,94
674,211
674,524
9109,201
674,94
674,524
9109,314
9109,306
674,94
674,623
674,211
9109,222
9109,306
674,136
674,94
674,524
9109,33
9109,306
674,94
674,132
674,94
674,94
9109,129
674,524
9109,306
674,561
674,597
674,399
674,575
674,225
9109,382
674,150
9109,306
674,597
674,597
674,476
9109,349
674,521
674,47
9109,376
674,614
9109,30
674,597
9109,306
674,88
674,266
674,597
674,426
674,19
674,597
674,464
674,258
9109,263
674,501
674,597
674,561
9109,306
674,306
674,421
674,350
674,438
674,64
674,435
674,373
674,372
9109,273
9109,204
674,263
9109,306
9109,437
9109,139
674,402
674,362
674,179
9109,306
674,350
674,303
674,159
674,122
674,440
674,390
674,372
674,404
674,340
2134,387
9109,604
9109,306
2134,486
2134,441
674,69
674,532
2134,393
2134,37
9109,116
2134,178
2134,178
2134,441
9109,238
674,252
674,390
674,247
674,466
674,372
2134,214
2134,167
2134,261
9109,306
2134,441
9109,46
674,35
2134,441
674,234
2134,34
9109,316
2134,387
2134,441
9109,306
674,350
674,422
674,143
9109,15
9109,222
674,438
674,64
674,64
674,400
9109,306
674,302
674,285
674,290
2134,377
2134,441
674,532
9109,597
674,519
674,169
2134,81
9109,597
2134,281
674,288
674,288
2134,452
2134,441
9109,499
9109,126
674,372
9109,207
2134,351
2134,351
9109,253
2134,351
2134,351
2134,451
2134,275
2134,441
674,350
674,436
9109,126
9109,207
2134,156
674,146
2134,17
2134,17
2134,454
674,273
674,259
674,335
2134,441
9109,262
2134,441
2134,410
674,35
2134,441
9109,126
674,469
9109,186
2134,110
674,615
2134,490
2134,441
9109,333
9109,126
674,372
674,397
9109,186
2134,306
2134,488
9109,168
2134,175
9109,269
9109,291
2134,490
2134,441
674,350
674,35
9109,186
9109,483
9109,483
9109,409
674,400
9109,291
674,82
674,543
674,469
674,35
2134,309
674,422
674,308
674,390
9109,85
2134,441
674,64
9109,409
9109,186
2134,382
9109,596
9109,50
2134,382
2134,382
674,35
2134,382
2134,382
2134,382
2134,441
9109,478
674,436
9109,255
674,558
674,20
674,242
2134,441
2134,281
2134,325
674,584
674,220
2134,382
674,391
2134,441
674,39
2134,81
9109,291
674,592
674,496
2134,441
674,209
9109,409
2134,248
9109,547
9109,547
2134,169
2134,133
9109,215
9109,365
2134,441
674,393
674,519
674,169
9109,114
674,436
2134,233
2134,233
2134,61
2134,61
2134,357
2134,32
2134,32
674,350
2134,441
9109,446
9109,446
674,261
674,365
2134,483
674,66
9109,380
674,204
2134,441
674,38
2134,287
2134,60
2134,60
2134,482
2134,112
9109,522
2134,51
9109,194
2134,51
2134,441
674,279
674,69
674,600
674,374
9109,380
674,332
2134,135
2134,135
2134,153
2134,153
2134,153
2134,120
2134,201
674,26
674,560
674,409
2134,278
674,390
2134,441
9109,177
9109,177
9109,380
674,120
674,547
674,369
2134,210
2134,23
2134,76
9109,186
2134,32
2134,282
674,469
674,213
2134,441
674,630
674,630
9109,380
674,180
674,180
2134,193
674,315
674,608
674,608
674,567
674,204
2134,441
9109,487
674,92
2134,434
2134,441
2134,54
2134,441
9109,380
674,105
2134,188
2134,441
2134,81
674,630
2134,441
2134,144
2134,319
2134,261
2134,28
2134,261
2134,385
2134,441
9109,133
674,286
674,469
674,500
674,231
674,636
674,45
674,491
9109,224
674,626
9109,306
2134,368
2134,422
2134,441
674,466
674,466
674,35
674,239
674,308
674,390
2134,153
2134,250
2134,406
2134,406
2134,268
2134,268
674,636
674,441
2134,441
674,204
9109,116
2134,81
2134,441
674,390
9109,376
674,246
674,319
674,319
2134,214
2134,107
2134,317
9109,195
9109,195
9109,473
2134,441
9109,165
674,469
9109,566
674,350
9109,566
9109,532
9109,71
674,487
674,372
9109,306
2134,441
674,630
674,630
674,166
9109,388
9109,388
674,239
674,422
9109,376
2134,88
2134,441
674,515
674,302
674,621
674,469
674,152
674,372
2134,320
2134,298
2134,189
2134,284
2134,19
2134,19
2134,19
2134,67
2134,67
9109,534
9109,534
2134,441
9109,83
674,621
9109,306
674,28
674,86
674,241
2134,441
674,63
2134,441
674,166
674,166
2134,15
2134,15
2134,302
2134,167
2134,319
2134,189
674,603
2134,441
9109,467
674,204
9109,306
674,57
2134,319
2134,319
2134,290
2134,254
674,372
674,466
2134,441
674,350
9109,343
2134,483
674,510
674,630
9109,306
2134,441
2134,189
2134,277
9109,376
2134,428
9109,220
674,221
2134,441
9109,270
674,296
674,414
674,543
674,543
674,390
9109,306
2134,169
2134,423
2134,233
674,543
2134,441
9109,201
674,390
9109,306
674,31
9109,475
674,456
674,341
9109,306
9109,171
9109,575
674,221
674,603
9109,306
2134,442
674,603
674,543
674,390
2134,389
674,75
2134,442
9109,240
674,411
9109,240
674,166
674,166
2134,441
674,350
674,452
674,452
674,236
674,489
674,204
674,532
674,466
9109,362
9109,153
674,161
674,367
9109,306
2134,150
2134,313
2134,167
2134,135
2134,26
674,221
674,603
2134,217
2134,441
674,123
674,26
674,564
674,475
2134,15
2134,467
2134,107
2134,441
674,350
9109,447
9109,306
674,523
674,239
674,239
674,109
2134,107
2134,107
2134,386
2134,60
2134,233
2134,423
2134,441
9109,424
9109,588
674,456
674,564
9109,306
674,236
674,573
2134,277
2134,277
2134,277
2134,441
9109,124
2134,256
674,122
674,470
674,603
674,603
9109,575
674,603
9109,306
674,396
674,396
674,396
674,613
674,613
674,469
2134,441
2134,18
2134,189
2134,261
9109,510
9109,306
2134,457
674,441
2134,441
674,390
9109,383
9109,347
674,350
9109,431
2134,190
2134,441
674,166
9109,306
674,131
674,425
9109,229
674,297
2134,81
9109,342
674,89
2134,441
674,461
9109,229
674,264
9109,306
2134,133
2134,369
2134,15
674,400
2134,441
9109,515
9109,306
9109,61
674,465
674,547
9109,306
674,427
674,469
9109,22
674,340
674,603
9109,306
674,543
674,390
9109,206
2134,483
9109,306
674,574
674,574
2134,441
2134,417
2134,46
2134,405
9109,366
2134,441
2134,335
9109,193
674,390
2134,441
674,194
9109,306
674,532
674,122
674,470
2134,119
2134,189
2134,368
9109,259
2134,369
9109,306
2134,314
674,603
2134,441
674,257
674,390
674,626
674,234
2134,441
2134,441
2134,205
2134,89
2134,161
2134,296
674,603
9109,578
674,82
2134,441
674,390
674,422
9109,578
9109,476
674,436
9109,455
2134,247
2134,328
674,350
2134,74
2134,441
674,630
674,35
9109,578
674,634
674,109
674,223
674,598
9109,381
674,54
2134,81
2134,441
9109,306
674,598
674,603
674,543
9109,447
9109,276
9109,161
9109,306
674,598
674,64
674,400
674,598
674,603
674,603
674,26
9109,581
674,598
674,64
674,84
674,574
674,598
2134,267
2134,196
2134,55
9109,228
2134,55
2134,441
674,603
2134,232
2134,441
9109,283
674,543
674,598
9109,306
2134,196
2134,313
2134,313
2134,313
2134,60
2134,263
674,422
674,609
2134,323
674,422
674,543
674,390
2134,441
674,240
674,229
9109,407
9109,407
674,598
674,469
9109,306
674,598
2134,441
2134,323
2134,323
2134,323
2134,323
2134,323
2134,323
2134,323
2134,323
9109,241
2134,441
9109,111
674,630
674,598
674,215
674,598
674,469
674,187
674,598
2134,220
2134,220
2134,220
2134,220
2134,220
674,306
9109,87
2134,220
2134,220
674,408
674,349
674,598
9109,241
2134,441
2134,441
674,64
674,16
674,351
9109,306
674,598
2134,81
674,350
2134,116
2134,441
674,598
674,86
674,598
2134,399
2134,313
2134,204
9109,395
2134,55
2134,449
2134,489
2134,441
9109,201
674,10
674,378
674,390
9109,91
674,68
674,68
674,155
674,412
674,598
2134,293
2134,293
2134,89
2134,89
2134,74
674,603
674,543
674,26
9109,198
2134,401
9109,306
674,598
674,492
2134,378
674,598
2134,378
9109,144
2134,50
2134,105
9109,306
674,630
674,598
2134,441
674,436
674,598
674,504
674,162
674,598
2134,169
2134,89
2134,107
2134,313
9109,369
674,603
9109,513
2134,441
674,204
9109,134
9109,332
674,390
674,84
674,166
9109,306
674,598
2134,480
2134,313
2134,368
2134,399
674,204
674,204
674,543
674,390
2134,441
674,108
674,108
674,108
674,609
674,527
674,57
9109,251
674,374
674,322
674,322
674,598
674,187
674,108
9109,306
674,66
674,598
2134,188
2134,442
2134,438
674,9
674,386
674,535
674,551
674,148
2134,442
674,306
674,139
674,398
674,408
674,434
674,598
674,166
674,166
674,92
2134,436
2134,436
2134,441
2134,441
2134,81
674,493
9109,201
674,578
2134,441
674,279
674,293
9109,306
674,90
674,598
2134,347
2134,214
2134,60
2134,213
9109,575
674,603
2134,312
2134,441
674,390
674,6
674,598
9109,306
2134,254
2134,180
2134,180
674,603
9109,144
674,543
9109,121
674,390
2134,441
674,407
674,598
674,436
674,590
2134,441
2134,82
2134,399
2134,189
674,598
9109,29
9109,201
2134,397
2134,441
9109,29
674,603
9109,589
2134,441
674,282
2134,362
674,26
9109,306
2134,441
674,438
674,86
674,598
2134,263
2134,240
2134,323
2134,308
9109,107
2134,441
674,271
674,598
2134,378
9109,469
9109,515
2134,480
2134,441
674,35
674,282
674,63
674,400
674,598
674,503
674,624
674,503
674,598
9109,306
2134,407
674,156
674,92
2134,382
674,598
2134,452
2134,441
674,615
674,615
674,400
674,598
674,199
674,347
674,593
2134,400
2134,211
2134,29
2134,101
674,103
2134,441
674,233
674,593
674,325
674,253
674,325
674,593
2134,126
2134,255
2134,469
2134,58
2134,185
2134,176
9109,543
2134,303
2134,143
674,381
674,181
674,618
2134,441
674,153
674,528
674,480
9109,306
674,605
674,29
674,206
674,593
674,382
674,245
674,593
2134,297
2134,210
9109,352
2134,441
674,342
674,593
674,605
9109,370
674,55
9109,352
674,593
674,347
674,199
674,598
2134,184
2134,60
674,340
2134,53
674,282
2134,23
674,409
2134,441
9109,76
674,282
9109,410
9109,332
9109,306
674,598
674,86
2134,480
2134,480
2134,480
2134,15
2134,169
674,598
2134,43
2134,441
674,603
9109,29
674,570
674,473
674,390
674,434
674,454
674,598
9109,429
9109,555
674,388
674,289
674,297
9109,258
674,469
674,35
674,598
9109,302
674,221
2134,316
674,519
674,624
9109,456
2134,175
674,598
674,161
2134,441
674,598
2134,441
2134,468
2134,381
2134,429
2134,442
9109,393
674,603
674,598
674,436
674,598
2134,442
2134,442
2134,441
674,92
674,372
674,598
9109,353
2134,189
2134,181
674,340
674,21
2134,387
674,603
2134,441
674,378
9109,424
674,10
9109,512
9109,575
674,409
9109,306
674,579
674,434
674,598
2134,297
2134,50
2134,50
2134,50
2134,50
2134,50
674,350
2134,132
2134,356
674,598
674,603
2134,441
9109,29
674,257
674,257
9109,306
674,390
674,598
9109,179
674,372
9109,306
2134,441
674,598
2134,37
2134,233
2134,60
674,35
2134,441
674,598
674,630
9109,272
2134,459
9109,370
2134,441
9109,352
674,598
674,63
674,400
674,598
9109,306
674,603
674,598
2134,441
2134,233
674,469
2134,427
674,603
2134,233
2134,441
674,598
674,409
2134,441
9109,257
674,434
9109,429
674,598
9109,468
9109,306
674,350
674,598
2134,441
674,301
674,598
674,349
2134,81
674,598
2134,441
674,193
674,101
674,598
674,479
674,598
2134,23
2134,23
2134,169
2134,379
2134,385
674,603
2134,307
2134,441
674,543
674,390
674,298
674,563
674,434
674,598
674,603
674,563
674,415
2134,264
9109,244
2134,141
674,390
2134,441
674,598
9109,306
2134,307
9109,29
9109,353
9109,306
2134,297
2134,60
674,350
2134,68
674,598
2134,441
674,603
9109,29
9109,370
674,495
9109,306
674,390
674,326
674,165
674,598
2134,307
2134,169
2134,396
674,603
2134,385
2134,441
674,543
674,365
674,108
674,66
674,282
674,434
2134,480
2134,169
674,598
674,340
674,603
2134,385
2134,53
2134,233
674,543
2134,441
674,390
674,603
674,295
674,598
674,449
674,297
674,598
674,64
674,435
674,598
2134,169
2134,387
674,557
674,572
674,148
2134,214
674,598
674,210
2134,441
674,617
9109,444
9109,18
674,598
674,92
9109,306
674,598
674,438
674,400
674,598
674,25
674,436
9109,54
674,598
674,69
9109,201
674,543
674,589
9109,306
674,598
674,340
9109,491
674,563
9109,457
9109,441
674,390
674,308
674,434
9109,306
9109,332
674,598
674,603
674,257
674,26
674,598
2134,441
674,624
9109,306
674,598
9109,244
9109,244
674,603
674,390
9109,293
674,390
9109,306
674,434
674,469
674,598
2134,441
1859,298
1859,298
1859,171
1859,832
1859,171
674,603
1859,761
1859,317
674,262
674,240
674,564
2134,441
1859,706
674,598
1859,705
1859,362
1859,626
1859,317
674,630
674,248
2134,441
674,598
2134,441
1859,317
1859,186
1859,506
1859,520
1859,520
1859,1001
1859,737
1859,873
1859,732
1859,1039
674,390
9109,512
9109,201
9109,166
9109,396
674,350
1859,317
2134,441
674,598
2134,441
1859,760
2134,441
2134,441
1859,760
2134,441
9109,159
9109,83
1859,1011
1859,317
1859,317
2134,441
1859,317
2134,441
9109,306
1859,317
1859,317
1859,317
1859,317
1859,317
9109,306
1859,626
1859,549
1859,549
1859,317
1859,317
674,340
674,603
9109,388
674,385
674,517
674,434
674,390
9109,306
674,434
1859,317
674,186
674,630
674,598
2134,441
1859,761
1859,578
1859,664
1859,670
9109,339
674,603
1859,476
1859,706
1859,122
1859,317
1859,317
1859,317
9109,306
9109,306
674,543
1859,774
9109,575
1859,774
1859,774
1859,774
1859,774
674,390
1859,317
674,434
1859,447
1859,549
674,598
674,64
674,598
1859,317
1859,343
1859,251
1859,494
1859,1016
1859,481
674,340
674,434
674,282
1859,721
1859,223
1859,72
1859,131
1859,658
1859,268
674,308
1859,317
674,543
674,390
674,434
674,598
9109,29
2134,264
2134,441
1859,986
1859,986
1859,407
9109,308
1859,574
1859,574
1859,82
674,340
1859,100
1859,100
674,603
1859,761
9109,306
1859,317
674,630
674,186
674,598
1859,317
1859,517
1859,517
1859,350
1859,91
1859,423
9109,449
1859,484
1859,714
1859,848
674,340
674,603
1859,467
1859,1032
1859,317
1859,626
1859,317
1859,317
674,257
674,390
9109,306
1859,164
1859,317
674,598
1859,317
1859,1028
1859,489
1859,597
1859,761
1859,317
1859,317
1859,317
9109,130
1859,317
674,513
1859,723
1859,723
1859,317
1859,317
674,20
1859,317
674,598
9109,306
1859,363
1859,88
1859,317
9109,593
1859,317
674,64
674,44
9109,306
674,598
1859,317
1859,317
674,100
674,332
1859,317
674,513
1859,317
9109,438
674,361
1859,317
9109,306
674,598
1859,317
1859,317
1859,317
674,603
674,390
674,434
9109,201
674,598
674,350
674,598
9109,306
1859,689
1859,689
1859,317
2134,441
1859,308
1859,629
2134,95
2134,441
1859,317
1859,317
1859,317
1859,317
2134,1
1859,273
2134,121
1859,989
1859,499
1859,499
1859,499
674,434
674,110
674,71
1859,724
1859,845
1859,783
2134,441
9109,161
674,444
1859,317
1859,317
1859,317
2134,441
1859,317
2134,441
1859,319
2134,294
2134,112
1859,361
2134,112
2134,60
1859,133
1859,441
1859,256
2134,112
1859,202
1859,562
9109,17
674,395
2134,441
2134,441
1859,831
2134,441
1859,317
674,390
1859,626
1859,626
1859,51
1859,508
1859,335
9109,332
1859,760
674,339
2134,441
674,52
1859,317
1859,996
1859,996
674,434
1859,317
2134,441
1859,317
674,216
1859,317
2134,441
2134,441
1859,725
1859,523
1859,523
674,353
1859,1039
674,299
674,550
1859,317
674,630
2134,441
1859,295
1859,362
2134,441
1859,362
2134,441
674,485
674,294
2134,441
2134,441
2134,441
1859,1039
1859,1039
1859,1039
1859,317
674,520
674,238
674,455
674,506
674,506
1859,541
2134,41
1859,317
1859,317
2134,402
674,353
2134,441
1859,472
674,2
1859,317
1859,362
1859,317
2134,441
9109,306
1859,761
2134,225
1859,317
1859,797
2134,221
1859,697
1859,995
2134,447
1859,988
2134,101
1859,493
2134,441
1859,576
1859,650
674,2
1859,317
674,459
674,598
2134,441
2134,441
2134,441
2134,441
2134,441
2134,1
1859,761
2134,355
1859,761
1859,561
1859,561
2134,112
1859,856
674,334
674,603
2134,388
9109,189
1859,317
2134,441
674,539
1859,317
674,177
1859,1039
1859,317
1859,801
1859,39
1859,317
674,208
2134,441
1859,317
1859,317
2134,441
1859,410
1859,71
9109,526
1859,1017
2134,20
1859,1017
674,173
674,334
674,340
1859,761
674,379
2134,441
1859,317
9109,370
2134,13
1859,317
1859,317
1859,317
1859,317
1859,317
9109,210
674,214
2134,13
2134,13
2134,13
2134,13
2134,13
2134,13
2134,13
2134,13
2134,13
2134,13
2134,13
2134,13
674,611
2134,441
674,197
2134,461
1859,93
2134,133
1859,114
1859,677
2134,112
1859,751
1859,486
2134,4
1859,819
674,603
1859,2
674,505
2134,441
1859,317
674,177
1859,317
674,419
1859,317
674,208
674,619
674,5
1859,317
1859,317
674,340
674,334
1859,1022
2134,461
2134,461
1859,276
2134,112
1859,992
2134,287
2134,60
2134,157
1859,424
674,340
674,208
674,403
674,177
2134,441
1859,871
9109,212
1859,614
1859,565
9109,324
2134,223
1859,317
674,380
1859,762
9109,584
674,208
1859,760
1859,760
2134,441
1859,760
674,64
1859,760
1859,760
1859,760
1859,760
1859,760
1859,760
1859,760
674,330
1859,73
1859,317
2134,441
2134,441
674,499
2134,441
2134,441
2134,441
2134,441
1859,998
1859,317
2134,162
1859,317
9109,397
2134,162
2134,162
2134,162
2134,162
2134,162
1859,317
2134,162
1859,317
674,1
2134,441
1859,317
2134,81
1859,317
674,350
1859,164
1859,317
1859,317
2134,441
674,514
674,196
1859,317
674,611
9109,306
2134,441
1859,761
2134,231
1859,197
2134,253
2134,270
2134,270
1859,536
2134,49
1859,656
1859,675
674,334
2134,318
9109,550
674,340
1859,290
1859,290
674,603
9109,201
1859,317
2134,441
9109,306
674,611
1859,860
1859,128
2134,280
2134,361
1859,320
1859,431
1859,172
674,371
1859,531
674,331
2134,441
1859,432
1859,294
674,314
2134,164
1859,317
2134,441
1859,317
2134,439
1859,317
1859,317
2134,441
674,611
1859,761
2134,123
1859,236
2134,226
1859,236
1859,236
1859,236
2134,180
674,35
674,478
674,334
674,603
1859,36
1859,317
2134,11
674,104
1859,164
1859,317
2134,441
674,390
1859,317
674,208
1859,317
1859,317
1859,317
1859,317
674,581
1859,317
1859,1022
1859,75
1859,372
2134,39
2134,331
1859,587
9109,397
2134,441
2134,441
1859,934
9109,130
674,379
1859,838
1859,565
674,378
1859,761
674,244
674,434
674,390
1859,317
9109,306
1859,317
1859,317
1859,505
1859,563
1859,563
674,571
1859,541
674,434
1859,317
1859,317
674,64
2134,332
1859,464
1859,236
2134,133
2134,133
2134,133
674,334
674,340
9109,354
674,603
9109,51
1859,317
2134,441
9109,306
674,3
2134,163
674,390
1859,362
674,380
674,208
9109,201
2134,441
2134,441
1859,362
1859,14
9109,201
1859,317
674,611
2134,441
1859,317
1859,317
2134,287
1859,317
1859,622
2134,195
1859,362
1859,259
1859,284
2134,331
1859,14
9109,470
2134,218
1859,14
674,516
2134,111
9109,306
2134,441
674,611
2134,441
2134,441
2134,441
2134,441
2134,441
2134,441
2134,441
674,1
1859,584
1859,317
9109,29
674,366
2134,441
674,611
2134,441
9109,306
2134,441
2134,441
2134,441
2134,441
9109,234
9109,306
9109,306
674,611
1859,761
1859,607
2134,287
1859,35
2134,195
9109,526
1859,365
1859,773
1859,404
2134,138
1859,120
2134,441
1859,317
1859,317
674,334
674,340
1859,362
674,190
674,379
674,379
1859,644
1859,317
1859,317
2134,207
2134,112
1859,28
2134,96
1859,207
1859,7
674,340
674,208
2134,427
1859,865
674,331
1859,24
2134,427
674,312
674,424
2134,441
674,189
674,420
674,565
674,419
674,631
9109,515
2134,272
9109,306
2134,441
674,73
674,64
674,556
674,205
2134,96
2134,189
9109,526
9109,306
9109,155
9109,306
2134,285
674,340
674,379
2134,40
9109,201
674,177
674,434
2134,441
2134,441
9109,306
9109,306
674,459
1859,1022
2134,133
2134,133
2134,461
1859,676
2134,408
1859,236
2134,331
2134,441
2134,441
674,459
1859,317
1859,317
9109,159
2134,441
2134,112
1859,1022
1859,158
2134,112
2134,414
2134,60
2134,461
2134,461
9109,526
2134,441
674,350
9109,370
9109,370
674,379
1859,760
2134,441
674,1
9109,306
2134,441
674,4
674,507
674,8
674,65
674,525
9109,504
2134,441
2134,441
2134,441
2134,441
9109,301
9109,306
674,611
674,196
674,1
1859,890
1859,890
2134,48
1859,232
2134,133
9109,526
2134,408
2134,408
1859,680
1859,144
9109,306
1859,619
674,340
2134,461
1859,254
674,379
2134,179
2134,404
674,104
9109,526
2134,179
674,390
674,208
1859,317
1859,317
9109,306
674,198
1859,1022
1859,75
2134,48
2134,48
2134,205
1859,733
1859,940
2134,462
1859,816
1859,822
9109,397
2134,441
1859,317
674,255
2134,416
2134,441
9109,526
1859,317
674,383
9109,306
2134,133
2134,318
1859,617
1859,283
9109,306
9109,306
1859,347
2134,219
1859,516
1859,250
1859,428
2134,302
1859,728
1859,317
2134,490
2134,441
1859,332
1859,317
1859,317
1859,317
9109,526
9109,306
9109,306
1859,317
1859,317
1859,761
2134,112
1859,582
1859,437
1859,961
2134,35
2134,35
2134,97
1859,1015
9109,64
1859,964
9109,306
1859,84
9109,433
1859,1022
2134,441
2134,7
2134,441
2134,441
2134,160
2134,160
2134,160
1859,770
1859,794
2134,365
1859,931
1859,243
1859,884
2134,441
1859,317
2134,441
1859,317
1859,317
1859,317
1859,760
9109,306
1859,760
1859,760
1859,760
2134,441
1859,317
9109,367
2134,259
9109,595
1859,718
2134,99
9109,82
9109,260
674,242
1859,833
1859,317
2134,441
2149,245
2134,441
2149,128
2149,128
2134,11
2149,246
2149,121
2134,11
2134,441
1859,317
9109,41
2149,72
2149,284
2149,219
2149,402
1859,761
2134,336
1859,394
2134,462
2134,462
2134,462
2134,462
1859,936
2134,366
2134,366
1859,683
2134,396
1859,76
1859,519
2134,441
1859,893
9109,148
2149,411
2149,646
2134,133
1859,348
2134,427
1859,221
1859,34
1859,182
2149,470
2134,331
2134,331
1859,4
2134,214
1859,921
2149,446
2134,441
1859,317
9109,223
9109,306
1859,317
1859,761
2134,318
1859,56
1859,960
2134,160
1859,282
2134,427
1859,699
1859,516
2134,427
2149,446
1859,270
2134,441
1859,317
9109,526
1859,317
9109,20
1859,317
2134,441
9109,218
674,577
2149,446
9109,306
2134,1
1859,761
2134,138
1859,674
2134,114
2134,157
1859,317
2134,360
2134,441
1859,317
1859,317
9109,152
9109,306
2134,441
2149,446
1859,601
1859,1038
1859,716
2149,299
2134,441
1859,886
1859,939
9109,304
1859,924
2134,223
1859,317
9109,13
2134,223
2134,223
2149,226
2134,223
2134,310
9109,428
2134,441
1859,760
1859,760
2134,441
9109,400
1859,317
9109,5
2134,441
2149,218
2149,212
2149,46
2134,441
2149,216
2134,441
2134,441
1859,362
2149,106
2134,441
1859,362
2134,441
2149,265
9109,145
2149,644
9109,47
2134,441
2149,250
2149,249
9109,580
9109,400
2149,131
2134,441
2134,371
9109,5
2134,371
1859,317
1859,317
2134,55
2134,84
2134,84
2134,441
9109,310
9109,5
2134,441
2149,578
2149,569
9109,120
2149,134
2149,118
2149,554
2134,77
1859,910
2134,135
1859,885
1859,892
2134,206
2134,206
1859,901
2149,612
2149,609
9109,306
9109,306
1859,569
2134,206
1859,891
2134,441
1859,317
9109,155
2149,33
9109,306
2134,358
2134,441
2149,2
2149,99
2149,173
2149,2
2134,441
2134,138
1859,36
1859,236
2134,157
2134,157
2134,25
2134,270
1859,317
2134,270
2134,441
2149,8
1859,317
2134,441
2134,38
2134,441
9109,526
2149,605
9109,306
2149,179
2149,557
2149,563
2149,554
2134,441
2134,270
1859,903
9109,526
2149,614
2134,414
1859,220
2134,60
1859,943
2134,484
1859,540
9109,306
1859,588
2134,484
2134,441
9109,354
1859,317
9109,210
9109,370
2134,441
9109,361
1859,317
9109,306
1859,317
1859,317
1859,317
1859,317
1859,317
674,127
674,562
1859,761
2134,484
2149,555
1859,416
2134,160
2149,557
1859,879
2134,160
1859,27
1859,554
1859,847
2134,461
2134,293
1859,317
2134,293
2134,479
1859,626
2134,479
2134,305
1859,541
1859,541
1859,541
1859,541
2134,441
1859,317
2134,441
2149,601
2149,599
2149,137
2149,540
1859,108
1859,38
2134,441
2149,9
1859,886
2134,446
1859,687
2134,245
1859,727
1859,929
1859,571
2134,441
2134,73
1859,535
9109,526
2134,73
2134,73
2134,73
2134,73
2134,73
2134,73
2134,73
2134,73
9109,306
2134,73
2134,73
1859,762
1859,760
2134,73
9109,317
1859,760
1859,760
1859,760
1859,760
674,531
9109,306
1859,166
1859,535
1859,535
1859,535
2134,73
2134,73
2134,73
2149,587
2134,73
2134,73
1859,541
2134,73
2134,73
2134,73
2134,73
2134,73
2134,73
2134,73
2134,73
2149,588
2134,73
2149,645
2134,73
2134,73
2149,75
2134,73
2149,73
1859,535
2149,313
2134,441
2149,321
1859,535
9109,20
9109,306
2149,128
2149,275
2149,128
9109,449
9109,201
2134,441
9109,306
2134,442
2134,442
2149,244
2134,442
2134,442
2134,442
9109,29
9109,332
9109,306
2149,322
2134,442
2149,314
2134,442
1859,722
2134,262
2134,85
1859,6
2134,438
2134,443
2134,443
2134,443
2134,443
2134,443
2134,443
2134,443
1859,265
2134,209
2149,351
2134,209
2134,442
2149,123
2134,442
1859,761
2149,352
1859,1002
9109,350
9109,306
9109,306
2134,442
2134,442
2134,442
1859,338
2149,360
2134,441
1859,56
1859,56
2149,349
1859,796
1859,965
2149,355
1859,214
2134,1
2134,441
1859,934
9109,122
1859,887
2134,441
1859,193
9109,88
1859,785
1859,875
9109,164
2134,441
1859,907
1859,760
1859,760
1859,760
2149,364
1859,760
2134,441
2134,441
2134,441
2134,441
2149,353
1859,1002
2134,441
1859,1002
1859,1002
2149,350
1859,1002
2149,365
2134,370
2134,370
2149,363
2149,593
2134,441
2149,592
2149,595
2134,441
2149,560
2134,441
1859,1022
2149,74
2134,441
2149,561
1859,1002
2134,441
2134,441
2134,441
2134,441
2134,441
2134,441
2134,441
2149,113
2134,455
1859,760
2134,455
1859,760
2134,441
1859,1002
2134,441
2149,118
2149,574
1859,667
1859,115
2134,441
2149,576
1859,814
2149,329
2134,441
2134,441
9109,549
2134,441
1859,1002
2134,441
2134,441
2134,441
2134,441
2134,441
2134,441
1859,760
9109,261
9109,172
9109,306
2149,327
2149,321
2149,312
2149,198
1859,1002
2149,195
2134,437
2149,290
1859,526
2134,109
2134,93
2134,93
2134,441
1859,526
2149,289
2149,187
2149,183
2149,377
1859,910
1859,984
1859,836
1859,405
1859,316
1859,912
2149,207
1859,157
2134,303
1859,1002
2134,474
2134,441
9109,370
9109,29
2134,441
9109,306
2134,446
1859,909
1859,646
2134,279
2149,107
1859,419
2134,441
1859,921
2134,441
1859,947
1859,888
1859,548
1859,1002
2134,38
9109,29
2134,38
2134,38
2149,185
2134,441
9109,306
2149,130
2134,435
1859,761
1859,349
1859,910
1859,901
2149,186
2134,149
9109,29
1859,701
1859,299
1859,439
2134,168
2134,441
2149,288
9109,201
1859,1002
9109,350
9109,370
2149,259
2134,441
9109,306
2149,258
1859,1002
1859,1002
2149,260
2149,598
2149,346
2149,348
2149,359
2149,356
1859,1039
1859,937
1859,54
1859,527
2134,244
2134,244
1859,630
2134,441
9109,143
2149,362
1859,11
2149,355
1859,1002
1859,626
1859,982
1859,1002
1859,1002
9109,189
1859,541
1859,117
2149,124
1859,1002
9109,152
1859,1002
1859,1002
1859,959
1859,1002
1859,1002
9109,306
9109,306
2149,192
2134,441
2149,67
2134,441
1859,934
2134,441
2134,441
1859,904
1859,63
2134,441
2134,441
9109,96
1859,913
1859,913
2149,193
2134,441
2134,441
2134,441
2134,241
2149,196
1859,594
9109,271
2134,241
1859,526
2134,372
1859,626
2134,416
1859,760
2134,151
9109,306
2134,151
2134,151
9109,390
2149,197
1859,760
2134,151
2134,151
2149,273
9109,306
2134,151
1859,1002
1859,1002
2134,151
1859,626
2134,151
2134,151
1859,1002
2134,151
1859,541
1859,526
2149,310
2134,441
1859,526
2149,303
2149,303
2134,441
2149,311
2134,52
2134,52
2149,178
2134,52
2134,42
2134,42
2134,42
2134,42
2134,42
2134,140
2134,140
2134,140
2134,334
2149,39
1859,577
1859,547
2149,501
2134,179
2134,441
2134,441
2134,441
1859,666
2149,493
1859,761
2134,133
1859,478
2134,6
2149,513
1859,444
2134,6
1859,679
2134,344
2134,189
1859,460
1859,279
2149,505
1859,962
2134,179
2149,502
1859,56
1859,997
2149,436
1859,333
2134,179
1859,626
1859,1002
2149,441
2134,89
1859,33
2134,89
2134,16
1859,379
1859,908
2134,425
2134,425
2149,441
2134,189
1859,70
2149,439
1859,987
2134,189
1859,887
1859,261
2134,11
1859,351
1859,1002
2134,441
2149,468
1859,364
9109,161
9109,306
1859,1002
2149,446
2149,153
2149,227
1859,937
1859,23
1859,91
9109,306
9109,306
9109,110
1859,715
9109,155
1859,715
9109,306
1859,945
2134,441
2134,435
2134,435
1859,160
2134,108
2149,222
2134,108
2134,441
1859,1002
9109,370
9109,29
9109,306
9109,4
9109,278
9109,350
2149,96
2149,276
2149,52
9109,306
2134,16
2134,189
1859,963
2134,189
2134,189
2134,199
1859,652
1859,652
1859,395
2134,253
2149,274
1859,1012
1859,928
2149,274
9109,289
2149,135
9109,201
1859,1002
2149,321
2134,441
9109,29
9109,19
2149,315
2134,5
2134,441
1859,752
2149,75
2149,592
2134,441
2134,441
2134,252
2134,359
1859,98
2149,592
1859,201
1859,201
1859,201
1859,201
1859,647
1859,949
1859,915
2134,364
9109,335
1859,1002
2134,3
2134,326
9109,306
9109,306
2149,596
1859,760
2149,326
2149,328
2149,321
1859,760
2149,135
2149,164
2149,274
1859,1002
9109,306
2134,460
1859,1039
2149,276
1859,1002
2134,365
1859,12
2149,271
1859,1002
2149,284
2149,211
2134,441
2134,441
2149,212
2134,441
2149,227
2134,441
9109,214
2134,370
2149,39
2134,441
9109,306
2149,499
2149,510
1859,761
1859,790
2134,441
2134,441
2134,461
2134,91
2134,224
9109,48
2134,50
2134,50
9109,214
2149,331
2134,50
2134,179
1859,1002
2149,263
9109,363
9109,306
2149,639
1859,362
1859,362
1859,430
1859,790
2134,179
2134,50
2134,50
2134,392
2134,59
2134,187
2149,370
2134,303
2149,297
1859,1002
9109,370
2134,441
2149,295
2149,35
2149,333
2149,209
2134,194
1859,909
2134,461
2149,209
1859,761
2134,94
1859,1039
9109,29
1859,108
9109,465
9109,86
1859,1002
2149,208
2134,441
9109,306
2149,377
2149,156
2134,6
2134,6
1859,319
2149,376
1859,877
2134,68
2149,184
1859,180
1859,930
2149,287
1859,105
2134,441
1859,1002
1859,1002
1859,505
1859,1002
2149,261
1859,541
2149,346
1859,764
1859,1002
9109,58
2149,361
2134,461
2134,461
1859,210
1859,348
2134,394
2134,60
1859,888
1859,903
2134,394
2149,356
9109,44
2134,394
1859,1002
2134,441
2149,357
2149,123
2149,327
2149,329
1859,541
1859,894
1859,1002
2134,441
1859,760
9109,519
9109,519
9109,264
9109,306
2149,570
1859,760
2134,441
1859,760
1859,760
1859,1002
2149,249
2134,441
2134,310
2134,441
1859,1002
674,292
1859,1002
2149,307
2134,441
1859,1002
1859,1002
2134,115
2134,115
2149,72
9109,306
2134,465
2134,465
2149,305
2134,465
2134,7
2134,7
2134,2
2134,441
674,48
2149,479
1859,1002
2134,441
2149,396
2149,408
1859,211
2134,441
2149,391
2149,393
1859,1002
674,50
2134,409
674,112
2149,384
2134,372
2134,372
2134,441
9109,274
674,307
9109,306
1859,761
2134,442
1859,981
1859,981
9109,306
2149,641
1859,611
2134,442
2134,442
2134,442
2149,379
9109,584
1859,564
2134,215
2149,425
9109,479
1859,1002
674,183
2134,442
9109,306
2134,442
2149,424
1859,108
1859,923
1859,1002
1859,702
2149,548
674,406
1859,914
1859,982
9109,363
9109,346
2134,441
9109,175
1859,982
1859,923
9109,306
9109,306
2134,370
2134,370
2134,370
2134,370
2134,370
2134,370
1859,1002
2134,441
2134,441
1859,1002
2134,441
2134,441
2134,441
2134,103
1859,15
1859,695
1859,1002
2134,441
1859,923
1859,164
1859,1002
9109,155
2149,554
2149,30
2149,64
2149,619
2134,441
2149,424
1859,541
1859,755
2149,81
2149,81
9109,306
1859,1002
2134,441
2149,607
2134,158
2149,611
2134,158
2134,158
2134,158
2134,158
2134,177
2134,158
2149,566
2134,441
2149,563
2149,563
2149,557
1859,888
9109,48
9109,306
2149,601
2149,602
2134,441
2134,441
2134,344
1859,720
1859,27
1859,663
1859,976
2134,461
2134,461
1859,761
1859,526
2149,540
9109,201
2134,441
2149,539
9109,306
9109,306
2134,441
2149,142
2134,441
1859,761
1859,550
1859,32
1859,204
2134,296
1859,651
1859,853
2134,252
1859,825
1859,653
2134,48
1859,1002
2134,441
2149,541
2149,543
1859,540
2134,160
1859,252
2149,630
1859,443
1859,511
1859,783
2134,461
1859,696
2134,442
2134,441
1859,1002
2149,544
2134,441
674,401
1859,224
2134,441
1859,526
2149,147
1859,808
1859,1002
2149,22
2149,36
2149,43
2149,24
2149,589
2149,604
1859,808
1859,1002
2134,471
2134,113
1859,56
1859,328
2134,224
2134,224
2134,133
1859,841
1859,212
1859,993
1859,436
1859,351
2134,118
1859,1002
2149,600
1859,310
2149,603
1859,224
2134,441
2149,179
1859,760
1859,760
2149,557
1859,1002
2149,564
1859,1002
2149,554
1859,1002
1859,13
2134,441
1859,752
1859,1002
2134,441
2134,441
2149,554
1859,1018
2149,34
1859,1002
2149,134
2149,572
1859,760
2134,441
2149,251
2149,243
2149,237
2134,441
1859,1002
1859,1002
2149,235
2134,375
2134,441
2149,108
1859,959
1859,1002
2149,232
2134,441
2149,270
2134,441
1859,761
2134,441
2134,478
1859,173
1859,438
2134,31
1859,844
1859,149
2149,270
1859,382
2134,467
2149,265
2134,441
1859,1002
2149,212
2149,305
1859,620
1859,956
1859,779
2134,186
2134,421
1859,210
2134,296
1859,1032
2149,446
1859,545
1859,548
1859,1002
1859,310
2134,441
1859,1002
1859,1002
1859,1002
2134,441
2134,441
2134,36
1859,872
2134,36
1859,660
2149,461
1859,937
2134,240
1859,414
1859,21
1859,599
2134,421
1859,272
674,434
2134,375
1859,643
1859,941
1859,1002
2134,441
1859,224
2134,441
2134,441
2134,441
1859,378
2134,194
1859,90
2134,296
1859,450
1859,19
2134,441
1859,196
1859,1002
2134,441
2149,437
1859,760
1859,1002
2134,441
2149,65
2149,442
2149,440
2134,91
2134,91
1859,474
1859,348
1859,566
2134,427
1859,595
1859,837
1859,837
2134,182
1859,1002
2149,433
2134,441
1859,760
2134,441
1859,1002
2134,374
2149,58
1859,814
1859,189
2134,299
2149,172
2149,172
2134,445
2134,441
2149,504
1859,1002
2149,57
2149,175
2134,409
9109,306
2134,441
2134,477
2149,452
2134,441
9109,20
2149,396
2149,405
9109,306
1859,760
2149,393
1859,1002
2134,441
2149,395
1859,168
2134,133
1859,859
1859,142
2149,384
2149,384
1859,936
1859,298
1859,707
1859,742
2134,461
2149,378
1859,1002
2134,441
2149,214
2149,139
1859,761
1859,247
2134,186
2149,613
1859,66
1859,397
2149,608
2149,611
2134,210
1859,78
1859,78
9109,306
2149,554
1859,859
2134,113
2134,398
1859,1002
2134,98
2134,441
2149,561
2149,134
2149,569
2149,236
2134,186
1859,895
2149,236
2134,332
1859,855
1859,756
1859,471
1859,791
2149,570
9109,286
2134,113
1859,892
2134,431
1859,374
2134,441
1859,1002
9109,306
1859,1002
2149,329
2134,426
1859,859
2149,327
2149,315
2134,341
2134,341
1859,125
2134,60
2149,321
2134,260
1859,1019
1859,415
2134,296
1859,703
1859,346
1859,1002
2134,441
2149,188
2149,194
2149,291
1859,761
1859,505
1859,211
2134,155
1859,916
2134,94
2134,94
1859,624
1859,440
2134,36
1859,205
1859,1002
2134,441
2149,337
9109,110
9109,551
1859,1002
1859,760
9109,34
2149,273
2149,279
1859,1002
2149,160
2149,284
2149,265
2149,275
2149,644
1859,784
1859,685
1859,1002
1859,364
1859,1002
9109,502
9109,337
9109,489
1859,1011
9109,51
2134,86
9109,306
2149,6
2149,6
2149,239
2149,249
2134,441
2149,131
2149,236
2149,569
2149,549
2134,441
2149,561
2149,550
2149,554
2134,223
2134,223
9109,301
1859,959
2149,68
2134,375
9109,306
2134,441
2149,558
1859,1002
2149,569
2134,331
1859,910
2134,394
1859,949
1859,891
2149,149
2134,53
1859,1025
1859,95
2149,249
2134,426
2149,244
2134,441
1859,1002
9109,247
2149,245
1859,224
2149,94
2134,410
1859,1002
2134,441
2149,323
9109,59
2149,319
2149,324
9109,306
9109,306
2149,354
2134,441
1859,518
1859,1034
1859,241
9109,14
1859,386
9109,449
1859,89
1859,761
2149,366
2134,292
1859,1002
9109,306
9109,306
2149,352
674,628
2134,203
2149,357
2134,441
2134,394
1859,34
2149,355
1859,852
2134,291
1859,245
2134,288
2149,345
1859,918
1859,389
9109,306
9109,306
1859,1002
2149,355
2134,441
2149,355
2134,441
2134,480
1859,331
2149,358
2134,463
1859,373
1859,42
2134,242
1859,313
1859,813
2134,242
1859,119
2149,364
2134,102
1859,1002
2149,353
2134,441
2149,347
2134,359
1859,527
1859,817
2149,365
2134,6
2134,21
1859,296
2149,593
2134,355
1859,456
1859,932
2134,461
2149,592
1859,1002
2134,441
9109,355
1859,784
2149,88
1859,1002
9109,370
2149,561
2149,561
9109,29
9109,306
9109,306
1859,814
1859,177
2134,127
1859,1002
2134,441
2149,554
2134,235
2134,429
2134,442
2149,614
1859,1002
2149,148
1859,1011
2134,202
2149,560
1859,760
2134,442
1859,760
2149,576
1859,1002
2134,442
2149,576
1859,541
1859,435
1859,209
1859,764
1859,97
1859,644
2149,329
1859,1002
2149,312
2149,15
1859,56
1859,1021
1859,888
1859,46
2134,441
1859,552
1859,53
1859,753
1859,572
1859,87
1859,1039
1859,1013
1859,371
1859,805
1859,370
1859,230
1859,933
9109,287
1859,1002
2134,80
2149,194
2134,80
2134,292
2134,292
1859,772
9109,242
2134,441
1859,772
1859,1002
2149,337
9109,306
2149,342
2149,339
2134,187
1859,793
2134,187
1859,1005
1859,401
1859,930
2134,315
1859,183
1859,217
1859,137
1859,1002
2134,441
1859,248
1859,1002
2149,58
1859,761
1859,75
1859,357
1859,113
1859,129
1859,117
1859,532
1859,1002
2149,506
9109,370
9109,306
2134,55
2134,137
1859,834
1859,515
2134,349
1859,190
2134,441
9109,56
2149,175
9109,306
9109,306
2149,473
2134,359
2134,142
1859,285
1859,704
2134,252
2134,441
1859,1002
1859,951
1859,692
1859,1002
2149,446
2134,146
2134,240
2149,446
1859,521
2134,338
2134,338
2134,441
1859,1002
2134,483
2134,441
2134,441
1859,925
2149,446
1859,209
1859,13
1859,541
1859,1002
2134,231
2134,378
1859,905
1859,943
2134,378
1859,385
9109,463
1859,109
9109,138
1859,211
2134,441
9109,583
9109,306
1859,1002
2134,441
2134,396
1859,579
1859,342
2134,219
2134,63
2149,446
1859,645
1859,1002
9109,454
2134,441
1859,618
1859,618
9109,280
2149,153
9109,571
1859,618
9109,306
2149,226
2134,441
2134,307
2149,223
1859,529
2134,403
2134,403
1859,528
2134,252
1859,842
1859,1002
1859,143
2134,441
9109,370
1859,209
9109,29
1859,1002
9109,306
2149,281
1859,1002
2149,250
1859,998
1859,761
1859,75
2134,231
2134,94
9109,393
1859,369
1859,161
2149,231
9109,306
2134,7
2134,7
1859,1002
2134,441
2149,569
2149,134
2149,568
2134,39
1859,75
1859,920
2134,365
2134,365
1859,799
1859,761
1859,1002
2149,552
2134,365
9109,51
2134,303
2149,554
1859,874
1859,1011
9109,306
1859,1011
2134,441
1859,760
1859,839
1859,1002
1859,1002
1859,1002
2149,628
1859,760
2149,629
2134,432
2134,432
1859,1002
2149,623
2134,441
2149,77
2149,167
1859,1002
2149,616
2149,621
2149,622
2134,94
2134,94
2134,345
2149,626
2134,297
9109,306
1859,935
1859,896
2134,108
1859,22
2134,441
1859,74
1859,1002
2149,627
1859,205
2134,133
1859,459
2134,171
2134,171
9109,306
1859,215
1859,327
1859,761
2149,621
2134,94
2134,94
2134,206
1859,1002
2149,625
2134,219
2134,78
2134,441
9109,370
2149,554
2134,441
2134,461
2134,133
2134,441
1859,541
1859,209
1859,808
2149,134
2149,572
2149,569
2149,251
2149,237
1859,761
2134,349
1859,933
1859,211
1859,3
1859,649
2134,261
2134,261
1859,868
1859,655
2134,441
1859,505
1859,1002
2149,570
1859,760
2149,56
2149,315
1859,1002
1859,242
1859,673
9109,370
9109,482
1859,948
9109,20
1859,761
1859,376
2134,198
2134,104
1859,1002
9109,306
2134,441
1859,209
1859,164
2149,320
2149,191
2149,199
2149,194
2149,337
2134,441
2134,11
1859,164
1859,164
1859,612
1859,1002
2149,338
2134,370
1859,541
1859,1002
2134,441
2149,336
1859,761
2134,261
1859,711
2149,373
2134,8
1859,126
2149,69
1859,238
1859,573
2134,302
1859,810
1859,392
2149,369
1859,1002
2134,441
1859,1002
2149,367
2134,237
1859,922
1859,641
1859,899
1859,178
1859,305
1859,1002
2134,435
2149,498
9109,155
1859,1002
9109,306
9109,306
2134,340
2134,441
1859,344
2134,333
1859,213
1859,403
1859,411
2149,513
1859,384
2134,441
9109,370
1859,492
2134,236
1859,513
9109,29
1859,983
9109,306
2134,441
2149,371
1859,1002
1859,761
2134,352
1859,720
1859,811
1859,953
1859,264
1859,461
1859,1024
1859,132
1859,854
1859,1002
2134,441
2149,171
2149,157
2149,39
2134,112
1859,897
1859,1036
1859,637
1859,80
1859,621
1859,124
2134,441
1859,1041
2149,446
1859,224
1859,1011
1859,1002
9109,26
2134,90
2134,90
2149,446
2134,441
9109,600
9109,306
2149,446
1859,521
1859,755
1859,1002
2134,128
9109,155
9109,306
2134,441
1859,761
1859,1039
2149,308
2149,225
1859,709
2134,271
2134,478
2149,222
2134,132
2134,132
2134,413
9109,370
2134,441
9109,29
2149,212
9109,306
2149,265
2149,246
2149,94
1859,761
2134,318
1859,211
1859,5
1859,252
1859,109
1859,738
1859,537
2134,154
2134,441
2149,570
9109,482
9109,306
2149,240
1859,908
1859,911
1859,917
1859,954
2149,249
1859,968
1859,79
1859,487
9109,370
1859,1002
2149,18
9109,306
2134,441
1859,827
1859,744
1859,239
1859,867
1859,761
1859,1002
1859,40
1859,40
2149,446
1859,40
1859,224
1859,224
1859,1002
9109,56
1859,344
2149,459
1859,62
1859,850
1859,747
1859,532
1859,505
2149,477
1859,1002
1859,209
1859,1002
9109,346
9109,388
9109,174
2134,441
2149,437
1859,541
1859,224
1859,1011
2149,444
1859,667
2149,443
1859,1002
2149,372
2149,435
2149,438
1859,760
9109,601
9109,67
9109,45
9109,340
9109,306
1859,1002
1859,761
1859,777
2149,431
1859,945
2149,640
1859,78
1859,91
1859,493
2149,506
1859,898
1859,945
1859,671
1859,862
9109,234
1859,1002
2149,39
1859,996
1859,1002
2134,441
9109,461
2149,537
9109,306
2134,441
2149,296
1859,1002
1859,96
1859,957
1859,203
2149,303
1859,240
2134,332
1859,26
2134,293
9109,22
2134,293
1859,606
2134,293
1859,1002
2134,441
9109,306
2149,93
2134,441
2149,269
2134,441
2134,303
9109,370
2149,272
2134,441
9109,583
9109,306
2149,247
2149,238
2149,233
1859,362
1859,111
1859,156
2149,237
1859,1000
1859,930
1859,889
1859,44
2134,441
1859,111
1859,362
1859,1002
2134,441
2149,573
2149,240
2149,234
2134,441
1859,630
2149,250
1859,662
1859,503
1859,731
1859,551
2134,441
1859,1002
9109,601
9109,100
2149,121
2149,269
9109,306
2149,18
2149,46
2149,222
2149,144
9109,389
2134,440
9109,306
1859,760
2149,299
1859,669
2149,311
1859,760
2149,178
2134,441
2149,507
1859,1002
2149,493
2149,430
2149,58
1859,110
1859,1002
2149,58
2149,431
2134,441
2149,499
2149,507
2149,311
2149,303
2149,302
1859,761
1859,99
1859,425
1859,30
1859,275
1859,623
1859,394
2134,378
9109,370
9109,370
2134,441
1859,1002
9109,583
2149,475
9109,306
2149,471
2149,477
1859,170
1859,399
1859,16
1859,792
1859,635
1859,681
1859,777
1859,1002
2149,305
1859,49
2149,226
2149,229
9109,306
2149,210
2149,212
2149,221
2149,284
2149,18
2149,269
2149,265
2149,242
1859,761
1859,321
1859,5
1859,897
1859,761
2149,109
2149,121
1859,1002
9109,370
2134,295
9109,29
2134,441
9109,306
2149,270
2149,269
2149,283
2149,213
2134,87
2149,212
1859,55
2134,87
2134,350
2149,637
2134,60
1859,181
1859,417
2149,144
1859,269
1859,1043
1859,636
2134,441
2134,441
1859,351
2134,441
1859,1002
1859,253
1859,866
1859,1002
1859,760
2149,144
1859,771
1859,1002
1859,1002
1859,1002
2134,441
2134,441
2134,441
2134,16
2134,16
1859,493
1859,152
1859,640
1859,9
1859,1002
2134,16
2134,464
2134,391
9109,461
2134,441
1859,803
1859,583
9109,306
1859,760
1859,187
1859,1002
2134,441
2149,446
2134,212
9109,601
2134,83
2134,441
9109,306
1859,473
1859,433
1859,688
1859,760
1859,927
1859,130
2134,441
1859,760
2134,441
9109,234
1859,1002
1859,782
1859,521
1859,958
1859,512
9109,306
9109,306
1859,1002
2134,441
2134,441
9109,325
9109,325
9109,306
9109,306
1859,326
1859,345
1859,457
1859,491
1859,358
1859,34
2134,92
9109,490
1859,485
1859,1002
9109,306
2134,441
2134,441
1859,760
2149,306
1859,1002
2134,441
2149,375
1859,462
1859,757
2149,368
1859,422
1859,188
1859,876
1859,1008
1859,293
2134,441
1859,974
1859,274
9109,298
1859,1002
9109,601
9109,306
2149,339
2149,339
1859,1029
1859,421
2134,441
1859,795
2134,420
2149,340
1859,1002
1859,50
2134,485
2149,337
2134,441
2149,200
2134,441
2149,199
2149,318
2134,283
2134,283
2134,236
1859,106
2134,441
1859,936
1859,260
1859,510
2149,321
1859,1002
1859,1002
2149,592
1859,668
2149,588
2149,587
2149,587
1859,1002
1859,337
1859,654
1859,1035
2134,72
1859,776
2134,257
9109,101
1859,760
1859,336
2149,583
1859,532
9109,306
2149,542
2149,538
2149,142
2149,85
2134,441
2149,136
2134,441
2134,222
1859,583
2134,441
1859,1002
1859,179
1859,1002
2149,601
2149,54
9109,48
1859,864
1859,497
1859,700
1859,287
2149,554
2134,441
1859,1002
9109,583
9109,306
2149,554
1859,900
1859,67
1859,41
1859,804
1859,561
1859,1020
9109,326
1859,396
2134,441
1859,1002
1859,570
9109,601
2134,441
9109,325
9109,461
2149,347
1859,937
1859,925
1859,445
1859,869
9109,325
1859,348
1859,1002
9109,306
2134,441
2149,349
2149,349
2149,349
2149,349
1859,609
1859,952
1859,694
1859,778
2134,321
1859,780
1859,420
1859,488
1859,216
1859,1002
2134,441
1859,512
1859,1
1859,1002
1859,452
1859,914
9109,331
2149,355
1859,427
2134,441
1859,1002
1859,185
1859,760
2134,75
2134,441
1859,745
1859,43
1859,760
2149,123
2149,347
9109,306
9109,306
2134,441
2134,441
1859,760
1859,135
2149,593
2149,592
1859,667
2134,441
2149,595
2149,597
1859,760
2149,590
2149,560
2134,441
1859,1002
2149,561
2149,554
1859,808
1859,1002
2134,441
1859,470
1859,682
2149,554
1859,684
1859,247
1859,140
1859,309
1859,1002
1859,542
1859,1002
2134,129
2134,441
9109,325
2149,558
1859,760
2149,569
1859,1002
1859,1041
1859,83
1859,1033
1859,355
1859,543
1859,538
1859,194
1859,1002
2134,441
2134,151
2134,384
2149,644
2134,441
9109,461
2149,230
9109,306
2149,236
2149,569
2149,549
2149,561
1859,306
1859,602
1859,442
2149,554
1859,539
2134,441
1859,539
1859,950
1859,535
1859,760
2134,441
1859,535
9109,601
9109,576
9109,306
2149,613
2134,124
2149,423
1859,200
1859,315
1859,25
2149,426
9109,279
1859,596
9109,16
1859,225
1859,535
1859,760
2149,379
2149,425
2149,424
2134,441
1859,535
2134,430
1859,546
2134,430
2134,269
1859,329
1859,360
2134,470
1859,228
2134,441
1859,535
1859,750
1859,535
1859,760
9109,108
2149,267
2149,277
2149,72
2134,441
1859,535
2134,148
1859,999
1859,999
2149,46
9109,601
1859,535
1859,136
2134,441
2149,222
9109,60
1859,535
2149,301
1859,760
2149,309
2149,82
1859,760
2134,441
2134,441
1859,560
2134,370
2134,441
2149,514
1859,760
2134,222
2134,441
1859,535
2149,162
2134,380
2134,354
2134,322
2134,311
2134,383
1859,760
2134,373
9109,136
2149,485
2134,441
1859,535
9109,306
1859,878
2149,446
2149,82
1859,717
1859,906
1859,906
1859,413
1859,760
2134,441
1859,535
1859,835
2134,344
1859,509
1859,408
1859,767
2134,367
1859,589
1859,580
1859,661
2134,69
1859,880
1859,535
2134,44
2134,441
2149,446
2134,390
1859,128
1859,116
1859,892
1859,154
2134,183
1859,61
2134,441
1859,150
1859,535
9109,601
2149,446
2134,243
1859,902
1859,107
1859,147
1859,387
1859,303
1859,1022
1859,535
2149,14
9109,315
1859,512
1859,541
1859,807
1859,535
2149,212
1859,760
2149,213
1859,535
1859,280
2149,265
1859,234
1859,300
1859,509
1859,741
1859,493
1859,176
1859,535
2149,1
1859,512
9109,331
1859,760
9109,601
2149,249
1859,502
1859,760
2149,569
1859,535
2149,572
1859,760
2149,74
2134,200
2149,560
2134,159
2134,235
2134,441
1859,535
1859,535
2149,570
2134,441
2134,441
1859,567
2149,122
1859,638
2149,329
1859,527
1859,1006
1859,690
1859,697
2149,321
1859,535
1859,763
1859,110
1859,535
2149,189
2149,194
1859,278
2149,194
1859,434
1859,1040
2149,337
1859,288
2134,441
1859,317
9109,601
1859,1027
1859,713
1859,581
1859,455
1859,940
1859,535
1859,760
1859,535
2134,441
2134,441
1859,334
1859,57
2149,76
9109,306
1859,388
1859,736
1859,659
1859,451
1859,535
1859,781
2149,190
2149,194
1859,535
2134,441
1859,148
1859,340
1859,10
1859,145
1859,2
2149,135
1859,693
2134,121
1859,535
2134,442
1859,277
9109,290
1859,535
9109,306
2149,316
1859,625
1859,631
2134,22
2149,576
2134,56
1859,678
9109,601
2134,251
2134,442
1859,535
1859,760
2149,232
2134,450
2149,270
2149,265
2134,265
2149,72
1859,535
2149,18
2134,442
2149,212
2134,442
2134,442
2134,442
2149,229
2134,441
2149,222
2149,226
2149,11
2134,441
1859,761
1859,881
1859,1030
2149,467
1859,675
1859,366
1859,828
2149,478
2149,448
1859,145
2149,446
1859,535
2134,441
1859,473
1859,535
2134,441
1859,236
2134,199
1859,535
2134,133
2134,133
1859,593
1859,627
1859,943
1859,747
1859,208
1859,1021
1859,535
1859,768
2134,441
1859,535
2134,441
1859,65
2149,56
1859,944
2149,576
1859,118
1859,257
2134,441
1859,479
2149,575
1859,1022
1859,535
2149,74
2149,561
9109,117
2149,554
2134,341
1859,613
1859,642
1859,843
1859,59
1859,743
1859,218
1859,598
2134,441
2134,441
2134,441
2134,441
2134,441
9109,201
1859,535
1859,209
2149,446
1859,295
1859,362
1859,874
2149,448
2149,455
2149,397
1859,535
2134,88
2134,2
2134,373
2134,441
1859,535
2149,534
2149,531
2149,536
2149,535
2134,441
1859,209
1859,535
2149,521
2149,420
2149,420
1859,524
2149,418
1859,222
2134,425
1859,192
1859,546
1859,557
1859,169
2134,441
1859,535
2134,441
2149,519
2149,528
2134,441
1859,840
1859,786
1859,341
1859,406
2134,441
1859,726
2149,42
1859,165
1859,892
2149,19
1859,990
1859,393
2149,101
1859,698
1859,935
1859,863
1859,544
9109,518
2149,529
1859,535
2134,441
2149,389
2134,66
2149,402
2149,404
2149,397
2134,441
2149,483
2149,455
2149,481
2149,448
2149,460
2149,91
2149,91
2149,485
2149,465
1859,672
1859,391
2134,322
1859,971
1859,628
2149,446
2134,441
1859,198
1859,605
1859,798
1859,946
1859,535
9109,2
2134,441
2149,446
1859,134
1859,556
1859,870
1859,824
1859,498
1859,199
1859,421
1859,535
2134,441
2149,305
2149,227
2149,224
2149,224
2134,476
2149,144
1859,802
2149,299
1859,749
2134,276
2149,450
1859,769
2134,476
1859,412
2149,489
1859,1004
1859,480
2149,512
2134,441
1859,535
2149,493
1859,495
2149,506
2149,487
1859,535
2149,640
2149,58
2149,58
2149,434
1859,495
1859,535
1859,362
2149,202
2149,202
9109,546
2149,499
2149,39
9109,306
9109,306
2149,39
2149,497
2149,495
2149,508
2149,474
2149,466
2149,466
1859,535
2149,453
2149,71
1859,760
9109,203
2134,441
1859,535
2149,446
1859,354
1859,354
1859,1044
1859,209
1859,535
2149,71
1859,349
2134,441
1859,535
2149,150
2149,489
2149,39
2149,493
2149,499
2149,493
2149,493
2149,493
1859,465
1859,250
1859,701
2134,441
1859,590
2149,511
2149,511
1859,219
1859,480
1859,47
2149,511
2149,504
1859,412
1859,317
2149,492
2149,175
2149,486
2149,445
2149,80
2149,71
2134,441
2149,305
2149,305
1859,526
1859,446
1859,85
1859,153
1859,633
1859,368
1859,646
1859,304
2149,144
1859,60
1859,86
2149,226
1859,526
1859,526
1859,526
2149,212
2149,213
2149,284
2149,18
2149,72
2149,72
2149,269
2149,269
2149,280
2149,275
1859,800
1859,47
1859,375
2149,239
2134,441
1859,317
2149,249
9109,481
2149,236
1859,409
2149,578
1859,535
2149,569
2149,569
2149,569
2149,572
2134,441
2149,549
2149,550
2149,553
2149,546
1859,815
1859,734
2149,553
2149,553
2149,553
2149,551
1859,526
2149,556
1859,458
1859,317
2134,441
1859,766
2149,565
2149,97
1859,760
2149,584
2149,586
2149,580
2149,582
2149,642
2149,583
2149,581
2149,95
2149,606
2134,441
2149,542
2134,363
2149,165
2149,165
2149,165
2134,441
2134,441
2149,165
2149,165
2134,441
2134,83
2134,441
1859,748
2149,165
1859,535
2149,542
2149,542
2134,222
2149,606
2149,606
2134,441
2149,92
2134,441
2149,585
2149,585
2149,581
2149,581
2149,583
2149,579
2149,145
2149,177
2149,587
2149,588
2149,23
2149,594
2149,597
1859,47
2149,591
2149,591
1859,426
9109,393
1859,1014
9109,125
1859,821
1859,17
1859,535
2149,576
1859,311
2134,441
2149,577
1859,526
2149,235
2149,248
2149,248
2149,237
2149,245
1859,473
2149,232
2149,128
2149,275
2149,265
2149,278
2134,441
1859,362
1859,359
1859,878
2149,46
1859,883
2149,46
2149,46
1859,362
2149,212
1859,526
2149,93
2149,144
2149,305
2149,303
2149,311
2149,311
2149,508
1859,47
1859,975
1859,979
1859,383
1859,759
2149,508
1859,291
1859,418
2149,508
1859,533
2149,480
1859,775
2149,71
2134,441
9109,325
1859,955
1859,879
1859,412
1859,526
1859,482
1859,227
1859,849
2134,441
1859,586
2149,446
2149,446
1859,526
2149,446
1859,708
1859,746
1859,175
1859,141
1859,940
1859,266
1859,526
1859,1026
1859,760
1859,760
2149,446
2149,446
1859,526
1859,526
1859,526
2149,71
2149,71
2149,465
2149,465
2149,466
2149,311
2149,299
2149,103
2149,300
2149,144
2149,93
2149,226
2149,229
1859,362
2149,221
1859,748
2149,220
2149,220
2149,220
2149,72
2149,265
2149,270
2149,275
2149,275
1859,526
2149,268
2149,634
2134,441
2149,285
2149,285
2149,285
2149,285
2149,285
2149,155
2149,155
2149,112
1859,47
1859,281
2149,70
1859,286
2149,84
1859,270
2149,84
2149,84
2149,78
1859,318
1859,557
2149,135
1859,29
2149,135
1859,231
1859,526
2134,441
2149,37
2149,120
2149,119
2149,119
2149,119
2149,119
2149,119
2149,119
2149,119
2149,119
2149,135
2149,78
1859,507
2149,89
2149,89
1859,942
1859,31
1859,823
2134,199
2149,44
1859,716
2134,441
1859,58
2149,276
2149,271
1859,5
1859,712
1859,526
1859,167
1859,526
2134,64
2134,441
2149,46
2149,229
2149,226
2149,60
2149,60
2149,60
2149,399
2149,399
2149,399
2149,397
2149,483
2149,66
2149,66
1859,608
2149,98
1859,632
2134,441
2134,441
1859,498
1859,657
1859,141
2149,71
1859,317
2149,446
1859,994
1859,568
1859,525
1859,501
1859,231
9109,143
1859,184
2134,441
1859,526
2149,71
2149,71
2149,633
2149,631
2149,631
2149,83
1859,953
1859,686
1859,978
2149,103
1859,229
2149,4
1859,938
1859,909
2134,441
1859,47
1859,47
2149,450
9109,515
2149,86
1859,317
2134,441
1859,512
1859,512
1859,526
2149,176
9109,556
2149,176
2149,499
2149,129
2149,506
2149,506
9109,484
2149,47
2149,47
1859,94
2149,47
2149,10
2149,10
2149,10
2149,432
2134,441
1859,504
1859,526
2149,21
1859,339
1859,541
1859,857
1859,760
2149,104
2149,500
2149,129
2149,39
2149,27
2149,116
2149,116
2149,116
2149,116
2149,116
2149,116
2149,508
2149,508
2149,508
2149,508
2149,508
2149,159
2149,159
1859,857
1859,585
1859,526
2149,446
2149,446
1859,353
2134,441
1859,526
1859,47
1859,945
1859,152
1859,639
2149,446
1859,919
1859,237
2149,636
9109,495
2149,71
2149,71
1859,1037
1859,166
1859,526
2149,40
2149,105
2149,448
2149,455
2149,181
2149,400
2149,163
2149,163
2149,409
2149,533
1859,558
2149,110
2149,110
1859,469
1859,375
1859,800
9109,4
2149,527
1859,834
2149,527
2149,535
1859,526
1859,258
2149,535
2149,535
2149,535
2149,29
2149,29
2149,45
2149,45
2149,45
1859,324
2134,441
1859,103
2149,12
2134,199
1859,116
1859,292
9109,440
2134,441
1859,765
1859,159
2149,161
1859,117
1859,526
2149,17
2149,17
2149,17
2149,100
2134,441
2149,90
2149,90
1859,967
1859,616
1859,966
2149,532
1859,926
1859,634
1859,112
1859,477
1859,526
2149,402
2149,409
2149,409
2149,409
2149,397
2149,483
2149,483
2149,455
2149,448
2149,460
2149,91
2149,485
2149,485
2149,41
2149,71
1859,249
2134,322
1859,529
2149,446
2149,446
2149,49
1859,195
1859,233
2134,441
1859,45
9109,496
1859,891
1859,526
1859,760
1859,834
1859,526
2149,49
2149,446
2134,441
2134,441
2134,441
2134,441
1859,362
1859,760
2134,441
2134,441
2134,441
2134,441
1859,121
2134,441
2149,446
2134,1
2134,441
1859,526
2149,71
2149,71
2149,71
2149,71
2149,71
1859,834
2134,232
1859,526
2149,305
2134,342
2149,305
2134,441
2149,305
2149,227
2149,227
2149,227
2149,227
2149,227
2149,226
2149,226
2149,169
2149,169
2149,51
2149,51
2149,51
2149,213
2149,213
1859,760
2149,282
2149,276
2149,276
2149,276
2149,276
2149,276
2149,276
2149,317
2149,317
2149,317
2149,317
1859,526
2149,317
2149,317
2134,441
2149,119
2149,119
2149,119
2149,119
2149,120
2149,120
1859,356
1859,1010
1859,1023
1859,255
1859,740
1859,398
2149,325
2149,325
1859,429
2149,135
1859,47
1859,526
2149,135
2149,135
2149,274
2149,61
2149,3
2149,174
2149,174
2149,174
1859,771
1859,834
1859,526
2149,174
2149,285
2149,112
1859,174
2149,112
1859,307
1859,453
2149,271
2149,271
2149,141
1859,436
1859,68
2134,441
1859,526
2149,141
2149,643
2149,115
2149,115
2149,115
2134,441
2149,115
2149,115
2149,221
2149,221
2149,215
2149,215
2149,225
2149,632
1859,434
2149,632
2149,635
2149,635
1859,526
2149,83
2149,26
2149,103
2149,299
1859,490
2149,299
2149,299
2149,299
2149,13
1859,553
1859,151
2149,13
1859,1009
1859,972
2149,13
2134,441
2149,503
1859,977
1859,955
2149,503
2149,491
1859,526
1859,541
2149,111
2149,111
2149,166
2134,441
9109,69
2149,10
1859,771
1859,826
2149,10
2149,10
1859,271
1859,297
2134,2
1859,262
2149,10
2149,264
2134,441
1859,526
1859,526
2149,264
2149,264
2149,264
2149,264
1859,325
1859,325
2149,264
2149,264
2149,264
2149,264
2149,264
2149,53
2149,53
9109,112
2149,53
2149,53
9109,37
2134,441
2134,441
1859,235
1859,235
1859,526
1859,526
2149,53
2149,53
2149,159
2149,159
1859,339
1859,339
1859,312
1859,312
1859,526
1859,526
2149,159
2149,159
2149,159
2149,159
2149,159
2149,446
2149,446
1859,47
1859,191
1859,991
1859,534
2134,441
1859,840
1859,829
1859,526
2149,446
2149,446
2149,446
2149,446
2149,446
2149,446
2149,446
2149,446
1859,466
2149,446
2149,446
1859,787
2149,446
1859,861
1859,246
2149,446
2149,170
2149,170
1859,101
1859,163
1859,950
2134,441
2149,170
9109,79
1859,526
2134,441
2149,170
1859,37
1859,812
2134,441
1859,206
1859,244
2149,127
1859,480
1859,526
2134,441
2134,441
2134,441
2149,127
2149,127
2149,127
2149,127
2149,515
2149,515
2149,515
2149,515
2149,515
1859,478
2134,224
2134,224
1859,559
1859,381
2134,441
1859,400
2149,515
2134,441
1859,226
1859,739
1859,514
2149,515
2134,412
2134,441
1859,526
2134,441
2149,515
2149,515
1859,763
1859,289
1859,526
2149,87
2149,87
1859,851
1859,600
1859,783
2134,228
2134,228
1859,496
1859,127
2134,441
1859,1026
1859,526
2134,441
2149,87
2149,87
2149,87
2149,87
1859,526
2149,87
2134,441
1859,463
2149,102
2149,374
2134,441
2149,294
2149,292
2149,292
1859,526
2149,332
2149,332
2149,332
2149,332
2149,332
2134,441
2134,300
2134,441
1859,760
2149,204
2134,441
2134,441
2149,158
2134,441
2149,203
1859,526
2134,441
2149,203
2134,441
2134,441
2134,441
2134,441
2134,441
2149,206
2134,441
2149,206
1859,47
1859,730
2149,206
2149,206
1859,985
2134,441
1859,526
2134,441
2149,205
2134,441
2134,441
2134,441
2134,441
2149,59
2134,441
2149,59
1859,834
2134,441
1859,526
2134,441
2134,441
2134,441
2149,140
2134,441
2134,441
2134,441
1859,522
1859,604
1859,139
1859,1042
1859,102
2134,441
2134,441
2134,441
2134,441
1859,349
1859,526
2134,58
2134,58
2134,58
2134,441
2149,140
2134,441
2149,140
1859,352
2149,133
2134,441
2134,441
2134,441
1859,526
2149,133
2149,133
2149,133
2149,334
2134,441
2149,332
2149,292
2149,293
2149,132
2134,441
2149,298
1859,77
2134,441
1859,575
1859,498
1859,526
2149,298
2149,298
2134,441
2134,441
2134,441
2134,441
2149,298
2149,298
2149,533
2149,518
2149,525
2134,441
2134,441
2134,441
2134,441
2149,525
2149,525
2149,517
2149,517
1859,27
2149,7
2149,7
2134,441
2134,441
2134,441
1859,1031
2149,7
2134,228
2134,341
2134,341
2134,341
2134,341
2134,341
2134,341
2134,341
1859,879
1859,526
2149,7
2134,441
2134,441
2134,441
2134,441
2134,441
2134,441
2149,417
2134,441
2134,441
2134,441
2149,417
2149,417
2149,420
1859,526
1859,526
1859,888
1859,317
2134,441
2149,420
1859,306
2149,521
1859,898
2134,441
2134,441
2134,441
2134,441
1859,47
2134,441
2134,441
2149,42
2149,42
2134,441
2134,441
2134,441
1859,719
1859,48
1859,317
2149,55
2149,55
2134,441
2134,441
1859,512
1859,317
2134,441
2149,55
2149,533
2149,389
1859,166
1859,763
1859,541
1859,834
1859,135
2149,389
2149,404
2149,404
2149,404
1859,317
2149,397
2149,397
2149,397
2149,481
2149,481
2149,481
2149,481
2149,460
2149,460
2149,460
2149,460
2149,460
2134,441
2134,441
2134,441
2134,441
2134,441
2149,460
2149,460
2149,460
2149,460
2134,441
1859,64
2149,460
2134,441
2134,441
2134,441
2134,441
2134,441
2149,460
1859,317
2134,441
1859,555
1859,473
1859,762
2149,170
2149,170
2149,170
1859,760
2134,441
1859,258
2134,441
2134,441
2134,441
2149,170
2134,441
1859,526
2134,1
1859,209
1859,317
2134,1
2134,1
2149,170
2134,1
2134,1
2134,441
1859,166
1859,592
1859,317
2134,441
1859,322
1859,322
2134,441
2134,441
2149,446
2134,441
2134,441
2134,441
1859,955
2134,441
1859,970
1859,1009
2134,441
1859,390
1859,553
2134,441
2149,446
1859,448
1859,317
2149,304
2149,304
2149,304
2149,304
2149,304
2149,304
2149,304
2149,304
2149,304
2134,441
2134,441
2149,304
2149,304
2149,304
2149,304
2149,304
2149,304
2149,304
2149,304
2149,304
2149,304
2149,304
2149,304
2149,304
2149,304
2134,441
2134,441
2134,441
2149,304
1859,610
2149,344
2149,344
2149,344
2149,344
2149,344
2149,344
2149,344
2149,344
2149,344
2149,344
2134,441
2134,441
2134,441
2149,344
1859,526
2134,441
2134,441
2134,441
2134,441
2149,344
2149,257
2149,304
2134,441
2149,304
2149,304
2149,304
2149,304
2149,304
2149,304
2149,460
2149,460
2149,28
2149,28
2149,28
1859,710
1859,483
2149,28
2134,441
2134,100
2134,100
2149,28
2149,28
2149,28
2149,636
2149,636
2134,441
2134,441
2149,483
1859,526
2134,441
2134,441
2149,410
2149,410
2149,50
2149,50
2149,50
2149,533
2149,50
2149,533
2149,529
2149,529
2149,529
2149,535
2134,441
2134,441
2149,535
2149,535
2149,535
1859,191
2134,425
2134,425
2149,535
2149,535
2149,535
2149,535
2149,535
2134,425
2149,535
2134,441
2149,420
2149,420
2134,441
2134,441
1859,526
2149,521
2149,146
2149,146
2134,441
1859,760
2134,441
2134,441
1859,830
1859,763
2149,146
1859,583
1859,317
2149,522
2149,529
2149,398
2149,398
1859,37
2149,398
1859,314
2149,457
2149,464
2149,464
2149,464
2149,481
2149,481
2149,481
2149,481
2134,441
2134,441
2149,481
2149,485
2134,441
1859,526
2149,485
2149,485
2149,485
2149,485
1859,164
2149,485
1859,760
1859,973
1859,380
2134,441
2134,441
2149,446
2134,441
2134,441
2134,441
2134,441
2149,446
2149,446
2134,441
2149,446
2149,397
1859,317
2149,404
2149,402
2134,89
2134,152
2149,402
2134,424
2134,441
2134,441
2134,441
2149,418
2149,418
2149,418
2149,418
2149,180
2149,180
2149,414
2149,414
2149,414
2134,10
2134,199
2134,210
2149,383
2134,253
2149,385
1859,352
2134,441
2149,382
2149,20
1859,52
1859,317
2149,20
2134,441
2149,266
2149,222
2149,222
2149,222
2149,308
2149,308
2149,308
2149,308
2149,308
2149,299
1859,532
2134,343
2149,482
2149,482
2149,482
2149,482
2134,189
2134,322
2134,6
1859,352
1859,20
1859,648
2134,6
1859,317
1859,758
2134,441
1859,752
2149,305
2149,305
2149,305
2149,305
2149,305
2149,305
2134,199
2149,305
2134,441
1859,123
2149,175
2149,175
1859,583
1859,532
2149,175
1859,615
2149,175
2149,175
2149,175
2149,175
2149,434
1859,809
2134,441
2149,434
1859,468
1859,155
1859,454
1859,317
2149,434
2149,499
2149,507
2149,449
2149,466
2149,466
2149,466
2149,466
2149,466
2149,466
2149,466
2134,441
1859,162
1859,1003
2149,446
2149,446
2149,446
2149,446
1859,317
2149,446
2134,249
2134,441
2134,441
2134,2
2134,441
1859,754
1859,754
2149,71
1859,1007
1859,306
1859,317
2134,145
2134,145
2134,145
2149,93
2134,441
2149,226
2149,226
2149,221
2149,106
2134,441
2134,71
2134,276
2149,106
2149,269
2149,269
2149,275
2149,250
2149,250
2134,441
2149,31
2149,249
2149,236
2149,561
2134,348
2149,556
2149,556
2149,556
2134,441
2149,545
2149,562
2149,567
2149,559
2149,560
2134,441
2149,560
2149,560
2149,560
2149,16
2149,571
2149,571
2134,331
1859,18
1859,104
1859,323
1859,820
2134,154
2149,231
1859,665
2134,441
1859,267
1859,788
1859,482
1859,891
1859,317
2149,231
2149,270
2149,265
2149,265
2149,212
2149,224
2134,441
2149,308
2149,446
2149,446
2149,446
2134,441
2134,441
2134,1
2149,492
2134,441
2149,504
2149,504
1859,818
2149,504
2149,504
1859,844
2149,504
1859,882
1859,530
2149,504
1859,285
2149,511
2149,511
1859,317
2149,511
2149,175
2149,446
1859,340
1859,377
1859,317
1859,691
1859,317
2149,447
2149,447
2134,441
2149,445
2149,445
2149,39
2149,263
2149,263
2134,62
1859,806
1859,146
2134,441
1859,402
2149,263
2149,263
1859,69
2134,330
2149,202
1859,302
2149,500
2134,441
2149,39
2149,39
2134,30
2149,71
2134,441
2149,71
2149,299
2149,299
2149,299
2149,299
2149,299
2149,299
2149,299
2149,299
2149,224
2149,224
2149,224
2134,79
2149,471
2149,471
2149,471
2149,471
2149,471
2134,441
2149,175
2149,175
2149,175
2149,175
2149,434
2134,433
2134,441
2149,434
2134,441
2149,434
2149,434
2149,434
2149,434
2149,508
2149,474
2149,474
2149,474
2149,474
2149,474
2149,446
2149,446
2149,446
2149,446
2149,446
2134,473
2134,114
2134,30
2134,94
2149,446
2134,94
2149,446
2134,441
2134,145
2149,446
2149,446
2149,446
2149,446
2134,324
2149,446
2134,324
2134,324
2134,324
2134,441
2149,446
2149,481
2149,481
2149,483
2149,114
2134,133
2134,238
2134,238
2134,276
2134,238
2134,238
2149,114
2149,535
2134,441
2134,441
2149,418
2134,441
2134,304
2134,228
2134,24
2149,418
2149,523
2134,230
2134,230
2149,523
2134,441
2149,5
2149,406
2149,406
2134,132
2149,404
2134,100
2134,132
2149,397
2134,441
2149,484
2149,484
2149,484
2149,484
2134,132
2149,456
2134,139
2134,132
2134,132
2149,460
2134,441
2149,446
2134,441
2149,446
2149,446
2149,446
2134,106
2149,446
2149,446
2134,442
2149,446
2149,446
2149,446
2149,446
2149,446
2134,441
2149,448
2149,448
2149,448
2149,481
2149,481
2134,125
2149,481
2134,441
2149,409
2149,387
2149,387
2149,387
2134,487
2134,458
2134,129
2149,526
2134,441
2149,520
2149,520
2149,520
2149,520
2149,520
2149,520
2134,441
2134,2
2134,441
2134,441
2149,516
2149,419
2149,421
2149,422
2149,422
2149,422
2134,236
2134,441
2134,9
2134,14
2134,14
2134,136
2134,136
2134,136
2134,136
2134,273
2134,441
2149,419
2134,148
2134,289
2149,523
2134,148
2134,441
2134,441
2149,404
2134,441
2149,483
2149,458
2134,7
2134,174
2134,441
2149,71
2149,71
2149,305
2149,224
2149,224
2134,208
2134,441
2149,460
2149,471
2149,494
2149,172
2149,172
2149,434
2149,434
2149,58
2134,258
2134,418
2134,441
2149,58
2149,58
1859,535
1859,164
1859,500
2134,134
2149,201
2134,441
1859,834
1859,367
1859,317
2149,500
2149,493
2149,493
2149,39
2149,466
2134,442
2134,442
2149,466
2134,441
1859,857
1859,317
2134,448
1859,667
1859,317
2134,441
2149,446
1859,47
1859,475
1859,317
2134,353
2134,4
1859,735
2134,461
1859,449
2149,446
2134,441
1859,330
1859,535
2149,446
2149,182
2149,182
2149,446
1859,81
1859,263
2134,421
1859,789
1859,263
2134,456
1859,94
2134,224
2134,301
1859,729
1859,301
2149,446
1859,591
1859,603
2134,134
1859,710
1859,858
2134,441
2134,441
1859,317
2149,455
2149,404
2149,406
1859,138
2134,385
1859,879
2134,121
1859,955
1859,980
1859,846
1859,969
1859,92
2149,406
1859,8
2149,50
2134,303
2134,236
2149,525
2149,527
2149,527
2149,527
2149,527
2149,527
2149,527
2149,527
2134,441
2149,418
2149,418
2149,530
2149,530
2149,530
2149,32
2149,32
2149,386
2134,297
2149,386
2149,386
2149,388
2134,297
2134,385
2134,322
2149,406
2149,406
2134,441
2134,129
2134,441
2149,404
2149,455
2149,481
2149,465
2149,25
2149,25
2149,446
2149,446
2149,446
2149,446
2149,446
2134,295
2149,446
2134,441
2134,57
2149,469
2149,469
2134,441
2149,469
2149,469
2149,460
2149,397
2149,398
2149,533
2134,462
2134,229
2134,302
2134,456
2134,70
2134,127
2149,533
2149,533
2134,441
2149,418
2149,418
2134,441
2149,418
2134,466
2134,466
2134,117
2134,266
2149,418
2149,418
2149,418
2134,395
2149,413
2149,413
2149,413
2149,413
2149,413
2149,413
2149,413
2134,441
2149,413
2149,413
2149,528
2149,528
2149,524
2149,394
2134,133
2134,337
2149,394
2134,121
2149,390
2149,212
2134,236
2149,212
2149,212
2149,212
2149,212
2134,441
2149,212
2149,212
2149,217
2149,256
2149,342
2149,341
2149,341
2134,121
2134,199
2149,407
2149,343
2149,343
2149,343
2149,343
2134,189
2149,253
2149,253
2149,228
2134,145
2149,226
2134,441
2149,224
2134,419
2149,224
2149,305
2134,376
2149,305
2149,305
2134,441
2149,305
2149,305
2149,305
2149,305
2149,175
2149,175
2149,434
2149,434
2134,173
2134,441
2134,351
2134,441
2149,39
2149,39
2149,39
2149,39
2149,39
2149,39
2149,39
2149,497
2149,446
2149,446
2149,446
2149,446
2134,246
2134,441
2149,182
2149,182
2149,182
2149,182
2149,182
2149,182
2149,182
2149,182
2149,182
2149,182
2149,446
2134,274
2134,271
2134,461
2149,476
2149,476
2149,476
2149,476
2149,476
2149,305
2134,227
2149,226
2149,226
2149,226
2134,303
2134,315
2134,131
2134,327
2134,441
2149,226
2149,226
2149,485
2149,466
2149,466
2134,472
2134,395
2134,395
2149,305
2134,216
2149,226
2149,226
2134,441
2149,401
2149,401
2149,63
2149,63
2134,456
2149,307
2134,456
2134,472
2134,192
2134,133
2149,303
2149,62
2149,117
2134,441
2134,345
2149,429
2134,30
2134,234
2149,201
2149,201
2134,441
2149,39
2134,441
2149,484
2149,466
2134,441
2149,466
2134,340
2149,446
2149,446
2134,83
2134,441
2149,446
2149,446
2149,446
2149,446
2134,441
2134,441
2134,441
2134,12
2134,441
2149,446
2149,446
2149,446
2134,442
2149,463
2149,299
2134,442
2134,442
2149,299
2134,65
2149,227
2149,227
2134,47
2134,166
2134,441
2149,212
2149,212
2149,286
2149,286
2149,269
2149,269
2149,269
2149,269
2134,239
2149,280
2149,280
2149,280
2149,280
2134,441
2149,250
2149,249
2149,249
2149,249
2149,569
2149,569
2149,138
2149,138
2149,138
2149,138
2149,138
2149,138
2149,138
2149,138
2149,547
2149,554
2149,554
2149,554
2149,554
2149,610
2134,441
2134,441
2149,610
2149,610
2149,618
2134,441
2149,569
2149,236
2149,236
2149,249
2149,249
2149,241
2149,241
2149,280
2134,441
2134,441
2134,134
2134,441
2149,221
2149,221
2149,221
2149,221
2149,221
2149,221
2149,221
2149,222
2149,222
2149,222
2149,93
2149,153
2149,153
2149,153
2149,153
2149,454
2149,454
2149,460
2134,441
2134,148
2134,148
2134,441
2149,460
2149,460
2149,460
2149,460
2149,460
2149,460
2149,460
2149,460
2149,460
2149,460
2149,460
2134,165
2149,403
2134,165
2149,403
2149,403
2149,403
2149,403
2149,397
2134,441
2149,496
2134,441
2149,172
2149,172
9109,298
2134,453
2149,172
2149,172
2149,172
2149,172
2149,172
2134,441
2149,488
2149,466
2134,133
2149,466
2149,472
2149,472
2134,441
2149,472
2149,472
2134,33
2134,324
2149,472
2134,441
2149,226
2149,226
2149,224
2149,224
2134,441
2134,441
2134,441
2134,441
2134,441
2149,224
2149,224
2149,494
2134,27
2149,494
2149,494
2149,494
2149,494
2149,494
2149,494
2149,494
2149,494
2149,494
2149,494
2149,494
2149,494
2149,494
2149,494
2149,494
2149,493
2149,493
2149,493
2149,493
2149,490
2149,490
2134,441
2149,152
2149,152
2149,446
2149,446
2149,446
2149,446
2149,446
2149,446
2134,324
2134,130
2134,441
2149,446
2149,25
2149,25
2149,25
2149,25
2149,397
2134,441
2149,397
2149,397
2149,391
2149,380
2149,380
2149,380
2149,380
2149,384
2134,199
2149,384
2149,381
2149,378
2149,426
2134,441
2149,168
2149,168
2149,64
2149,64
2134,441
2149,151
2149,620
2149,628
2149,79
2149,79
2149,79
2149,79
2149,8
2149,8
2134,199
2149,8
2149,8
2149,8
2149,624
2149,624
2149,624
2149,615
2149,617
2149,617
2149,617
2149,617
2149,617
2149,617
2149,617
2149,617
2149,617
2149,617
2149,617
2149,617
2149,617
2149,617
2149,617
2149,617
2149,617
2149,617
2149,617
2149,617
2149,617
2149,617
2149,617
2149,617
2149,617
2149,617
2149,617
2149,617
2149,617
2149,617
2149,617
2149,617
2149,617
2149,617
2149,617
2149,617
2149,628
2149,620
2149,620
2149,620
2149,620
2149,620
2149,620
2149,620
2149,620
2149,620
2149,620
2134,441
2149,427
2134,441
2149,427
2149,427
2149,427
2149,427
2149,427
2149,384
2149,392
2149,392
2149,392
2149,392
2149,392
2149,483
2134,441
2149,483
2149,483
2149,483
2149,483
2134,441
2149,451
2149,451
2149,451
2149,451
2149,451
2149,451
2149,451
2149,451
2149,451
2149,451
2149,451
2149,451
2134,191
2149,446
2134,441
2134,441
2134,139
2149,446
2149,446
2134,346
2149,446
2134,441
2149,446
2149,446
2149,330
2149,330
2149,512
2149,512
2149,512
2149,512
2149,512
2149,512
2149,154
2149,154
2149,126
2149,344
2134,199
2149,252
2134,45
2149,252
2149,252
2134,441
2149,446
2149,446
2149,446
2149,446
2149,446
2149,446
2149,446
2149,446
2134,441
2134,303
2149,25
2149,262
2149,488
2134,303
2149,508
2149,508
2149,484
2149,638
2134,346
2149,462
2134,441
2149,255
2149,38
2149,48
2149,226
2149,305
2149,509
2149,466
2134,129
2134,441
2149,175
2134,441
2149,175
2149,434
2149,58
2149,428
2149,428
2149,466
2149,466
2134,475
2134,475
2134,441
2149,446
2134,441
2134,441
2134,441
2134,170
2134,441
2134,441
2149,529
2149,535
2149,412
2149,528
2149,50
2134,199
2149,305
2149,224
2134,441
2149,224
2134,415
2134,441
2149,446
2149,445
2134,441
2134,441
2134,432
2134,432
2134,432
2134,329
2134,441
2134,197
2134,411
2134,441
2134,441
2134,444
2134,147
2134,441
2149,341
2134,339
2134,441
2149,299
2149,454
2149,446
2134,441
2134,286
2149,125
2149,344
2134,286
2134,441
2134,441
2149,335
2149,254
2149,227
2149,224
2134,199
2149,308
2149,175
2134,441
2149,175
2149,494
2134,441
2134,441
2149,58
2134,481
2134,1
2134,441
2134,441
2134,441
2134,441
2149,446
2134,441
2134,441
2134,122
2149,125
2149,446
2149,11
2149,397
2134,441
2149,143
2134,441
2149,420
2149,415
2149,416
2149,420
1859,526
2134,199
2134,441
2134,441
2134,172
2134,172
2134,441
2134,441
